"","BEGIN_YEARMONTH","BEGIN_DAY","BEGIN_TIME","END_YEARMONTH","END_DAY","END_TIME","EPISODE_ID","EVENT_ID","STATE","STATE_FIPS","YEAR","MONTH_NAME","EVENT_TYPE","CZ_TYPE","CZ_FIPS","CZ_NAME","WFO","BEGIN_DATE_TIME","CZ_TIMEZONE","END_DATE_TIME","INJURIES_DIRECT","INJURIES_INDIRECT","DEATHS_DIRECT","DEATHS_INDIRECT","DAMAGE_PROPERTY","DAMAGE_CROPS","SOURCE","MAGNITUDE","MAGNITUDE_TYPE","FLOOD_CAUSE","CATEGORY","TOR_F_SCALE","TOR_LENGTH","TOR_WIDTH","TOR_OTHER_WFO","TOR_OTHER_CZ_STATE","TOR_OTHER_CZ_FIPS","TOR_OTHER_CZ_NAME","BEGIN_RANGE","BEGIN_AZIMUTH","BEGIN_LOCATION","END_RANGE","END_AZIMUTH","END_LOCATION","BEGIN_LAT","BEGIN_LON","END_LAT","END_LON","EPISODE_NARRATIVE","EVENT_NARRATIVE","DATA_SOURCE"
"1",195004,28,1445,195004,28,1445,NA,10096222,"OKLAHOMA",40,1950,"April    ","Tornado","C",149,"WASHITA",NA,"28-APR-50 14:45:00","CST","28-APR-50 14:45:00",0,0,0,0,"250K",0,NA,0,NA,NA,NA,"F3",3.4,400,NA,NA,NA,NA,0,NA,NA,0,NA,NA,35.12,-99.2,35.17,-99.2,NA,NA,"PUB"
"2",195004,29,1530,195004,29,1530,NA,10120412,"TEXAS",48,1950,"April    ","Tornado","C",93,"COMANCHE",NA,"29-APR-50 15:30:00","CST","29-APR-50 15:30:00",0,0,0,0,"25K",0,NA,0,NA,NA,NA,"F1",11.5,200,NA,NA,NA,NA,0,NA,NA,0,NA,NA,31.9,-98.6,31.73,-98.6,NA,NA,"PUB"
"3",195006,22,2100,195006,22,2100,NA,10073785,"NEBRASKA",31,1950,"June     ","Tornado","C",129,"NUCKOLLS",NA,"22-JUN-50 21:00:00","CST","22-JUN-50 21:00:00",0,0,0,0,"0K",0,NA,0,NA,NA,NA,"F0",1.9,33,NA,NA,NA,NA,0,NA,NA,0,NA,NA,40.18,-98.03,40.2,-97.98,NA,NA,"PUB"
"4",195009,15,1745,195009,15,1745,NA,10099490,"OKLAHOMA",40,1950,"September","Tornado","C",63,"HUGHES",NA,"15-SEP-50 17:45:00","CST","15-SEP-50 17:45:00",6,0,0,0,"250K",0,NA,0,NA,NA,NA,"F2",6.8,100,NA,NA,NA,NA,0,NA,NA,0,NA,NA,35,-96.25,35.07,-96.17,NA,NA,"PUB"
"5",195009,16,130,195009,16,130,NA,10099491,"OKLAHOMA",40,1950,"September","Tornado","C",121,"PITTSBURG",NA,"16-SEP-50 01:30:00","CST","16-SEP-50 01:30:00",0,0,0,0,".25K",0,NA,0,NA,NA,NA,"F0",0,33,NA,NA,NA,NA,0,NA,NA,0,NA,NA,34.83,-95.85,NA,NA,NA,NA,"PUB"
"6",195010,1,2100,195010,1,2100,NA,10099492,"OKLAHOMA",40,1950,"October  ","Tornado","C",25,"CIMARRON",NA,"01-OCT-50 21:00:00","CST","01-OCT-50 21:00:00",0,0,0,0,"25K",0,NA,0,NA,NA,NA,"F1",15.8,33,NA,NA,NA,NA,0,NA,NA,0,NA,NA,36.73,-102.52,36.88,-102.3,NA,NA,"PUB"
"7",195007,5,1800,195007,5,1800,NA,10104927,"PENNSYLVANIA",42,1950,"July     ","Tornado","C",77,"LEHIGH",NA,"05-JUL-50 18:00:00","CST","05-JUL-50 18:00:00",2,0,0,0,"25K",0,NA,0,NA,NA,NA,"F2",12.9,33,NA,NA,NA,NA,0,NA,NA,0,NA,NA,40.58,-75.7,40.65,-75.47,NA,NA,"PUB"
"8",195007,5,1830,195007,5,1830,NA,10104928,"PENNSYLVANIA",42,1950,"July     ","Tornado","C",43,"DAUPHIN",NA,"05-JUL-50 18:30:00","CST","05-JUL-50 18:30:00",0,0,0,0,"2.5K",0,NA,0,NA,NA,NA,"F2",0,13,NA,NA,NA,NA,0,NA,NA,0,NA,NA,40.6,-76.75,NA,NA,NA,NA,"PUB"
"9",195007,24,1440,195007,24,1440,NA,10104929,"PENNSYLVANIA",42,1950,"July     ","Tornado","C",39,"CRAWFORD",NA,"24-JUL-50 14:40:00","CST","24-JUL-50 14:40:00",0,0,0,0,"2.5K",0,NA,0,NA,NA,NA,"F0",0,33,NA,NA,NA,NA,0,NA,NA,0,NA,NA,41.63,-79.68,NA,NA,NA,NA,"PUB"
"10",195008,29,1600,195008,29,1600,NA,10104930,"PENNSYLVANIA",42,1950,"August   ","Tornado","C",17,"BUCKS",NA,"29-AUG-50 16:00:00","CST","29-AUG-50 16:00:00",0,0,0,0,"2.5K",0,NA,0,NA,NA,NA,"F1",1,33,NA,NA,NA,NA,0,NA,NA,0,NA,NA,40.22,-75,NA,NA,NA,NA,"PUB"
"11",195011,4,1700,195011,4,1700,NA,10104931,"PENNSYLVANIA",42,1950,"November ","Tornado","C",71,"LANCASTER",NA,"04-NOV-50 17:00:00","CST","04-NOV-50 17:00:00",1,0,0,0,"250K",0,NA,0,NA,NA,NA,"F3",4.7,100,NA,NA,NA,NA,0,NA,NA,0,NA,NA,40.2,-76.12,40.27,-76.07,NA,NA,"PUB"
"12",195011,4,1730,195011,4,1730,NA,10104932,"PENNSYLVANIA",42,1950,"November ","Tornado","C",11,"BERKS",NA,"04-NOV-50 17:30:00","CST","04-NOV-50 17:30:00",0,0,0,0,"250K",0,NA,0,NA,NA,NA,"F3",11.2,100,NA,NA,NA,NA,0,NA,NA,0,NA,NA,40.27,-76.07,40.4,-75.93,NA,NA,"PUB"
"13",195005,8,2210,195005,8,2210,NA,10073782,"NEBRASKA",31,1950,"May      ","Tornado","C",127,"NEMAHA",NA,"08-MAY-50 22:10:00","CST","08-MAY-50 22:10:00",1,0,0,0,"25K",0,NA,0,NA,NA,NA,"F2",8.8,467,NA,NA,NA,NA,0,NA,NA,0,NA,NA,40.38,-95.8,40.28,-95.68,NA,NA,"PUB"
"14",195005,18,1515,195005,18,1515,NA,10073783,"NEBRASKA",31,1950,"May      ","Tornado","C",145,"RED WILLOW",NA,"18-MAY-50 15:15:00","CST","18-MAY-50 15:15:00",0,0,0,0,"25K",0,NA,0,NA,NA,NA,"F1",0.7,333,NA,NA,NA,NA,0,NA,NA,0,NA,NA,40.22,-100.63,NA,NA,NA,NA,"PUB"
"15",195006,13,1730,195006,13,1730,NA,10073784,"NEBRASKA",31,1950,"June     ","Tornado","C",107,"KNOX",NA,"13-JUN-50 17:30:00","CST","13-JUN-50 17:30:00",101,0,0,0,"25K",0,NA,0,NA,NA,NA,"F2",4.1,33,NA,NA,NA,NA,0,NA,NA,0,NA,NA,42.6,-97.88,42.65,-97.82,NA,NA,"PUB"
"16",195007,15,1730,195007,15,1730,NA,10073786,"NEBRASKA",31,1950,"July     ","Tornado","C",21,"BURT",NA,"15-JUL-50 17:30:00","CST","15-JUL-50 17:30:00",33,0,0,0,"2.5M",0,NA,0,NA,NA,NA,"F4",10,440,NA,NA,NA,NA,0,NA,NA,0,NA,NA,41.8,-96.6,41.73,-96.42,NA,NA,"PUB"
"17",195009,21,1730,195009,21,1730,NA,10073787,"NEBRASKA",31,1950,"September","Tornado","C",109,"LANCASTER",NA,"21-SEP-50 17:30:00","CST","21-SEP-50 17:30:00",0,0,0,0,"2.5K",0,NA,0,NA,NA,NA,"F1",22.5,67,NA,NA,NA,NA,0,NA,NA,0,NA,NA,40.72,-96.82,40.72,-96.38,NA,NA,"PUB"
"18",195001,26,1800,195001,26,1800,NA,10120401,"TEXAS",48,1950,"January  ","Tornado","C",47,"BROOKS",NA,"26-JAN-50 18:00:00","CST","26-JAN-50 18:00:00",2,0,0,0,"0K",0,NA,0,NA,NA,NA,"F2",4.7,133,NA,NA,NA,NA,0,NA,NA,0,NA,NA,26.88,-98.12,26.88,-98.05,NA,NA,"PUB"
"19",195002,11,1350,195002,11,1350,NA,10120403,"TEXAS",48,1950,"February ","Tornado","C",201,"HARRIS",NA,"11-FEB-50 13:50:00","CST","11-FEB-50 13:50:00",12,0,1,0,"25K",0,NA,0,NA,NA,NA,"F3",12,1000,NA,NA,NA,NA,0,NA,NA,0,NA,NA,29.67,-95.05,29.83,-95,NA,NA,"PUB"
"20",195002,11,2100,195002,11,2100,NA,10120404,"TEXAS",48,1950,"February ","Tornado","C",423,"SMITH",NA,"11-FEB-50 21:00:00","CST","11-FEB-50 21:00:00",5,0,0,0,"250K",0,NA,0,NA,NA,NA,"F2",4.6,100,NA,NA,NA,NA,0,NA,NA,0,NA,NA,32.35,-95.2,32.42,-95.2,NA,NA,"PUB"
"21",195002,11,2355,195002,11,2355,NA,10120405,"TEXAS",48,1950,"February ","Tornado","C",67,"CASS",NA,"11-FEB-50 23:55:00","CST","11-FEB-50 23:55:00",6,0,0,0,"250K",0,NA,0,NA,NA,NA,"F2",4.5,67,NA,NA,NA,NA,0,NA,NA,0,NA,NA,32.98,-94.63,33,-94.7,NA,NA,"PUB"
"22",195002,12,30,195002,12,30,NA,10120406,"TEXAS",48,1950,"February ","Tornado","C",37,"BOWIE",NA,"12-FEB-50 00:30:00","CST","12-FEB-50 00:30:00",8,0,1,0,"25K",0,NA,0,NA,NA,NA,"F2",8,833,NA,NA,NA,NA,0,NA,NA,0,NA,NA,33.33,-94.42,33.45,-94.42,NA,NA,"PUB"
"23",195002,12,115,195002,12,115,NA,10120407,"TEXAS",48,1950,"February ","Tornado","C",143,"ERATH",NA,"12-FEB-50 01:15:00","CST","12-FEB-50 01:15:00",0,0,0,0,"25K",0,NA,0,NA,NA,NA,"F1",2.3,233,NA,NA,NA,NA,0,NA,NA,0,NA,NA,32.08,-98.35,32.1,-98.33,NA,NA,"PUB"
"24",195002,12,610,195002,12,610,NA,10120408,"TEXAS",48,1950,"February ","Tornado","C",293,"LIMESTONE",NA,"12-FEB-50 06:10:00","CST","12-FEB-50 06:10:00",0,0,0,0,"25K",0,NA,0,NA,NA,NA,"F2",3.4,100,NA,NA,NA,NA,0,NA,NA,0,NA,NA,31.52,-96.55,31.57,-96.55,NA,NA,"PUB"
"25",195002,12,1157,195002,12,1157,NA,10120409,"TEXAS",48,1950,"February ","Tornado","C",419,"SHELBY",NA,"12-FEB-50 11:57:00","CST","12-FEB-50 11:57:00",32,0,0,0,"250K",0,NA,0,NA,NA,NA,"F1",7.7,100,NA,NA,NA,NA,0,NA,NA,0,NA,NA,31.8,-94.2,31.88,-94.12,NA,NA,"PUB"
"26",195002,12,1200,195002,12,1200,NA,10120410,"TEXAS",48,1950,"February ","Tornado","C",419,"SHELBY",NA,"12-FEB-50 12:00:00","CST","12-FEB-50 12:00:00",15,0,3,0,"250K",0,NA,0,NA,NA,NA,"F3",1.9,50,NA,NA,NA,NA,0,NA,NA,0,NA,NA,31.8,-94.2,31.8,-94.18,NA,NA,"PUB"
"27",195004,28,1800,195004,28,1800,NA,10120411,"TEXAS",48,1950,"April    ","Tornado","C",59,"CALLAHAN",NA,"28-APR-50 18:00:00","CST","28-APR-50 18:00:00",5,0,5,0,"250K",0,NA,0,NA,NA,NA,"F4",1.3,233,NA,NA,NA,NA,0,NA,NA,0,NA,NA,32.42,-99.5,32.42,-99.48,NA,NA,"PUB"
"28",195005,4,2030,195005,4,2030,NA,10120413,"TEXAS",48,1950,"May      ","Tornado","C",357,"OCHILTREE",NA,"04-MAY-50 20:30:00","CST","04-MAY-50 20:30:00",13,0,1,0,"250K",0,NA,0,NA,NA,NA,"F2",1.9,50,NA,NA,NA,NA,0,NA,NA,0,NA,NA,36.4,-100.8,36.42,-100.77,NA,NA,"PUB"
"29",195005,14,1600,195005,14,1600,NA,10120414,"TEXAS",48,1950,"May      ","Tornado","C",157,"FORT BEND",NA,"14-MAY-50 16:00:00","CST","14-MAY-50 16:00:00",0,0,0,0,"2.5K",0,NA,0,NA,NA,NA,"F1",1,100,NA,NA,NA,NA,0,NA,NA,0,NA,NA,29.53,-95.45,NA,NA,NA,NA,"PUB"
"30",195005,15,1,195005,15,1,NA,10120415,"TEXAS",48,1950,"May      ","Tornado","C",259,"KENDALL",NA,"15-MAY-50 00:01:00","CST","15-MAY-50 00:01:00",0,0,0,0,"25K",0,NA,0,NA,NA,NA,"F2",18,33,NA,NA,NA,NA,0,NA,NA,0,NA,NA,29.78,-98.83,29.67,-98.57,NA,NA,"PUB"
"31",195002,27,1020,195002,27,1020,NA,10096216,"OKLAHOMA",40,1950,"February ","Tornado","C",109,"OKLAHOMA",NA,"27-FEB-50 10:20:00","CST","27-FEB-50 10:20:00",0,0,0,0,"25K",0,NA,0,NA,NA,NA,"F2",2,50,NA,NA,NA,NA,0,NA,NA,0,NA,NA,35.55,-97.6,NA,NA,NA,NA,"PUB"
"32",195003,27,300,195003,27,300,NA,10096217,"OKLAHOMA",40,1950,"March    ","Tornado","C",121,"PITTSBURG",NA,"27-MAR-50 03:00:00","CST","27-MAR-50 03:00:00",0,0,0,0,"2.5K",0,NA,0,NA,NA,NA,"F2",0.1,77,NA,NA,NA,NA,0,NA,NA,0,NA,NA,34.85,-95.75,NA,NA,NA,NA,"PUB"
"33",195004,2,1800,195004,2,1800,NA,10096218,"OKLAHOMA",40,1950,"April    ","Tornado","C",81,"LINCOLN",NA,"02-APR-50 18:00:00","CST","02-APR-50 18:00:00",0,0,0,0,"25K",0,NA,0,NA,NA,NA,"F2",1,100,NA,NA,NA,NA,0,NA,NA,0,NA,NA,35.82,-97.02,NA,NA,NA,NA,"PUB"
"34",195004,3,1615,195004,3,1615,NA,10096219,"OKLAHOMA",40,1950,"April    ","Tornado","C",143,"TULSA",NA,"03-APR-50 16:15:00","CST","03-APR-50 16:15:00",0,0,0,0,"2.5K",0,NA,0,NA,NA,NA,"F1",1,33,NA,NA,NA,NA,0,NA,NA,0,NA,NA,36.13,-95.83,NA,NA,NA,NA,"PUB"
"35",195004,28,1417,195004,28,1417,NA,10096220,"OKLAHOMA",40,1950,"April    ","Tornado","C",75,"KIOWA",NA,"28-APR-50 14:17:00","CST","28-APR-50 14:17:00",1,0,1,0,"250K",0,NA,0,NA,NA,NA,"F3",9.4,400,NA,NA,NA,NA,0,NA,NA,0,NA,NA,34.88,-99.28,35,-99.2,NA,NA,"PUB"
"36",195004,28,1435,195004,28,1435,NA,10096221,"OKLAHOMA",40,1950,"April    ","Tornado","C",75,"KIOWA",NA,"28-APR-50 14:35:00","CST","28-APR-50 14:35:00",0,0,0,0,"250K",0,NA,0,NA,NA,NA,"F3",8,400,NA,NA,NA,NA,0,NA,NA,0,NA,NA,35,-99.2,35.12,-99.2,NA,NA,"PUB"
"37",195004,28,1905,195004,28,1905,NA,10096223,"OKLAHOMA",40,1950,"April    ","Tornado","C",63,"HUGHES",NA,"28-APR-50 19:05:00","CST","28-APR-50 19:05:00",32,0,5,0,"250K",0,NA,0,NA,NA,NA,"F4",4.5,200,NA,NA,NA,NA,0,NA,NA,0,NA,NA,35.08,-96.4,35.13,-96.35,NA,NA,"PUB"
"38",195004,28,1930,195004,28,1930,NA,10096224,"OKLAHOMA",40,1950,"April    ","Tornado","C",29,"COAL",NA,"28-APR-50 19:30:00","CST","28-APR-50 19:30:00",0,0,0,0,"25K",0,NA,0,NA,NA,NA,"F2",0.8,100,NA,NA,NA,NA,0,NA,NA,0,NA,NA,34.55,-96.2,NA,NA,NA,NA,"PUB"
"39",195005,4,2130,195005,4,2130,NA,10096225,"OKLAHOMA",40,1950,"May      ","Tornado","C",39,"CUSTER",NA,"04-MAY-50 21:30:00","CST","04-MAY-50 21:30:00",0,0,0,0,"2.5K",0,NA,0,NA,NA,NA,"F1",0,33,NA,NA,NA,NA,0,NA,NA,0,NA,NA,35.58,-99.17,NA,NA,NA,NA,"PUB"
"40",195005,4,2130,195005,4,2130,NA,10096226,"OKLAHOMA",40,1950,"May      ","Tornado","C",9,"BECKHAM",NA,"04-MAY-50 21:30:00","CST","04-MAY-50 21:30:00",0,0,0,0,"25K",0,NA,0,NA,NA,NA,"F2",5.6,293,NA,NA,NA,NA,0,NA,NA,0,NA,NA,35.25,-99.55,35.32,-99.5,NA,NA,"PUB"
"41",195005,4,2145,195005,4,2145,NA,10096227,"OKLAHOMA",40,1950,"May      ","Tornado","C",153,"WOODWARD",NA,"04-MAY-50 21:45:00","CST","04-MAY-50 21:45:00",0,0,0,0,"250K",0,NA,0,NA,NA,NA,"F2",1,100,NA,NA,NA,NA,0,NA,NA,0,NA,NA,36.57,-99.57,NA,NA,NA,NA,"PUB"
"42",195005,7,1830,195005,7,1830,NA,10096228,"OKLAHOMA",40,1950,"May      ","Tornado","C",45,"ELLIS",NA,"07-MAY-50 18:30:00","CST","07-MAY-50 18:30:00",0,0,0,0,"0K",0,NA,0,NA,NA,NA,"F1",0,33,NA,NA,NA,NA,0,NA,NA,0,NA,NA,36.3,-99.8,NA,NA,NA,NA,"PUB"
"43",195005,7,2300,195005,7,2300,NA,10096229,"OKLAHOMA",40,1950,"May      ","Tornado","C",119,"PAYNE",NA,"07-MAY-50 23:00:00","CST","07-MAY-50 23:00:00",0,0,0,0,"2.5K",0,NA,0,NA,NA,NA,"F1",0,33,NA,NA,NA,NA,0,NA,NA,0,NA,NA,36,-97,NA,NA,NA,NA,"PUB"
"44",195005,7,2300,195005,7,2300,NA,10096230,"OKLAHOMA",40,1950,"May      ","Tornado","C",73,"KINGFISHER",NA,"07-MAY-50 23:00:00","CST","07-MAY-50 23:00:00",3,0,0,0,"25K",0,NA,0,NA,NA,NA,"F2",4.3,33,NA,NA,NA,NA,0,NA,NA,0,NA,NA,36.12,-97.83,36.17,-97.78,NA,NA,"PUB"
"45",195005,9,2020,195005,9,2020,NA,10096231,"OKLAHOMA",40,1950,"May      ","Tornado","C",123,"PONTOTOC",NA,"09-MAY-50 20:20:00","CST","09-MAY-50 20:20:00",0,0,0,0,"25K",0,NA,0,NA,NA,NA,"F1",0.8,200,NA,NA,NA,NA,0,NA,NA,0,NA,NA,34.77,-96.83,NA,NA,NA,NA,"PUB"
"46",195005,11,1830,195005,11,1830,NA,10096232,"OKLAHOMA",40,1950,"May      ","Tornado","C",7,"BEAVER",NA,"11-MAY-50 18:30:00","CST","11-MAY-50 18:30:00",0,0,0,0,".25K",0,NA,0,NA,NA,NA,"F1",0.5,77,NA,NA,NA,NA,0,NA,NA,0,NA,NA,36.82,-100.52,NA,NA,NA,NA,"PUB"
"47",195005,16,1930,195005,16,1930,NA,10096233,"OKLAHOMA",40,1950,"May      ","Tornado","C",43,"DEWEY",NA,"16-MAY-50 19:30:00","CST","16-MAY-50 19:30:00",1,0,0,0,"2.5K",0,NA,0,NA,NA,NA,"F1",7.3,100,NA,NA,NA,NA,0,NA,NA,0,NA,NA,35.82,-99.12,35.87,-99,NA,NA,"PUB"
"48",195005,22,1239,195005,22,1239,NA,10096234,"OKLAHOMA",40,1950,"May      ","Tornado","C",39,"CUSTER",NA,"22-MAY-50 12:39:00","CST","22-MAY-50 12:39:00",0,0,0,0,"0K",0,NA,0,NA,NA,NA,"F1",1.5,100,NA,NA,NA,NA,0,NA,NA,0,NA,NA,35.67,-99.23,NA,NA,NA,NA,"PUB"
"49",195005,24,2130,195005,24,2130,NA,10096235,"OKLAHOMA",40,1950,"May      ","Tornado","C",153,"WOODWARD",NA,"24-MAY-50 21:30:00","CST","24-MAY-50 21:30:00",2,0,0,0,"25K",0,NA,0,NA,NA,NA,"F2",1,33,NA,NA,NA,NA,0,NA,NA,0,NA,NA,36.45,-99.03,NA,NA,NA,NA,"PUB"
"50",195005,29,1448,195005,29,1448,NA,10096236,"OKLAHOMA",40,1950,"May      ","Tornado","C",97,"MAYES",NA,"29-MAY-50 14:48:00","CST","29-MAY-50 14:48:00",0,0,0,0,".25K",0,NA,0,NA,NA,NA,"F1",1,33,NA,NA,NA,NA,0,NA,NA,0,NA,NA,36.38,-95.27,NA,NA,NA,NA,"PUB"
"51",195006,9,1825,195006,9,1825,NA,10096237,"OKLAHOMA",40,1950,"June     ","Tornado","C",71,"KAY",NA,"09-JUN-50 18:25:00","CST","09-JUN-50 18:25:00",0,0,0,0,"2.5K",0,NA,0,NA,NA,NA,"F1",0,100,NA,NA,NA,NA,0,NA,NA,0,NA,NA,36.8,-97.25,NA,NA,NA,NA,"PUB"
"52",195002,12,1200,195002,12,1200,NA,10049524,"MISSISSIPPI",28,1950,"February ","Tornado","C",145,"UNION",NA,"12-FEB-50 12:00:00","CST","12-FEB-50 12:00:00",0,0,0,0,"0K",0,NA,0,NA,NA,NA,"F1",2,33,NA,NA,NA,NA,0,NA,NA,0,NA,NA,34.6,-89.12,NA,NA,NA,NA,"PUB"
"53",195002,12,1200,195002,12,1200,NA,10049525,"MISSISSIPPI",28,1950,"February ","Tornado","C",145,"UNION",NA,"12-FEB-50 12:00:00","CST","12-FEB-50 12:00:00",2,0,3,0,"25K",0,NA,0,NA,NA,NA,"F2",0,33,NA,NA,NA,NA,0,NA,NA,0,NA,NA,34.6,-89.12,NA,NA,NA,NA,"PUB"
"54",195003,1,230,195003,1,230,NA,10049526,"MISSISSIPPI",28,1950,"March    ","Tornado","C",75,"LAUDERDALE",NA,"01-MAR-50 02:30:00","CST","01-MAR-50 02:30:00",0,0,0,0,"0K",0,NA,0,NA,NA,NA,"F1",0,33,NA,NA,NA,NA,0,NA,NA,0,NA,NA,32.5,-88.85,NA,NA,NA,NA,"PUB"
"55",195003,27,500,195003,27,500,NA,10049527,"MISSISSIPPI",28,1950,"March    ","Tornado","C",53,"HUMPHREYS",NA,"27-MAR-50 05:00:00","CST","27-MAR-50 05:00:00",2,0,1,0,"0K",0,NA,0,NA,NA,NA,"F2",0,33,NA,NA,NA,NA,0,NA,NA,0,NA,NA,33.17,-90.55,NA,NA,NA,NA,"PUB"
"56",195003,27,730,195003,27,730,NA,10049528,"MISSISSIPPI",28,1950,"March    ","Tornado","C",7,"ATTALA",NA,"27-MAR-50 07:30:00","CST","27-MAR-50 07:30:00",0,0,0,0,"0K",0,NA,0,NA,NA,NA,"F2",11.9,33,NA,NA,NA,NA,0,NA,NA,0,NA,NA,33.13,-89.57,33.25,-89.42,NA,NA,"PUB"
"57",195003,27,745,195003,27,745,NA,10049529,"MISSISSIPPI",28,1950,"March    ","Tornado","C",49,"HINDS",NA,"27-MAR-50 07:45:00","CST","27-MAR-50 07:45:00",7,0,0,0,"250K",0,NA,0,NA,NA,NA,"F2",9,50,NA,NA,NA,NA,0,NA,NA,0,NA,NA,32.28,-90.27,32.3,-90.12,NA,NA,"PUB"
"58",195003,27,745,195003,27,745,NA,10049530,"MISSISSIPPI",28,1950,"March    ","Tornado","C",49,"HINDS",NA,"27-MAR-50 07:45:00","CST","27-MAR-50 07:45:00",6,0,0,0,"250K",0,NA,0,NA,NA,NA,"F2",6.2,50,NA,NA,NA,NA,0,NA,NA,0,NA,NA,32.28,-90.27,32.3,-90.17,NA,NA,"PUB"
"59",195003,27,800,195003,27,800,NA,10049531,"MISSISSIPPI",28,1950,"March    ","Tornado","C",121,"RANKIN",NA,"27-MAR-50 08:00:00","CST","27-MAR-50 08:00:00",0,0,0,0,"250K",0,NA,0,NA,NA,NA,"F2",50.3,50,NA,NA,NA,NA,0,NA,NA,0,NA,NA,32.3,-90.12,32.98,-89.82,NA,NA,"PUB"
"60",195003,27,805,195003,27,805,NA,10049532,"MISSISSIPPI",28,1950,"March    ","Tornado","C",121,"RANKIN",NA,"27-MAR-50 08:05:00","CST","27-MAR-50 08:05:00",0,0,0,0,"250K",0,NA,0,NA,NA,NA,"F2",25.7,50,NA,NA,NA,NA,0,NA,NA,0,NA,NA,32.3,-90.17,32.48,-89.78,NA,NA,"PUB"
"61",195003,27,845,195003,27,845,NA,10049533,"MISSISSIPPI",28,1950,"March    ","Tornado","C",25,"CLAY",NA,"27-MAR-50 08:45:00","CST","27-MAR-50 08:45:00",0,0,0,0,"0K",0,NA,0,NA,NA,NA,"F2",4.7,33,NA,NA,NA,NA,0,NA,NA,0,NA,NA,33.67,-88.78,33.72,-88.73,NA,NA,"PUB"
"62",195003,27,1100,195003,27,1100,NA,10049534,"MISSISSIPPI",28,1950,"March    ","Tornado","C",141,"TISHOMINGO",NA,"27-MAR-50 11:00:00","CST","27-MAR-50 11:00:00",2,0,0,0,"25K",0,NA,0,NA,NA,NA,"F1",0.1,10,NA,NA,NA,NA,0,NA,NA,0,NA,NA,34.73,-88.27,NA,NA,NA,NA,"PUB"
"63",195004,29,1200,195004,29,1200,NA,10049535,"MISSISSIPPI",28,1950,"April    ","Tornado","C",91,"MARION",NA,"29-APR-50 12:00:00","CST","29-APR-50 12:00:00",0,0,0,0,"250K",0,NA,0,NA,NA,NA,"F2",11.3,100,NA,NA,NA,NA,0,NA,NA,0,NA,NA,31.27,-89.83,31.38,-89.7,NA,NA,"PUB"
"64",195001,3,1100,195001,3,1100,NA,10063615,"MISSOURI",29,1950,"January  ","Tornado","C",189,"ST. LOUIS",NA,"03-JAN-50 11:00:00","CST","03-JAN-50 11:00:00",3,0,0,0,"2.5M",0,NA,0,NA,NA,NA,"F3",6.2,150,NA,NA,NA,NA,0,NA,NA,0,NA,NA,38.77,-90.22,38.82,-90.12,NA,NA,"PUB"
"65",195006,9,1300,195006,9,1300,NA,10063617,"MISSOURI",29,1950,"June     ","Tornado","C",169,"PULASKI",NA,"09-JUN-50 13:00:00","CST","09-JUN-50 13:00:00",0,0,0,0,"2.5K",0,NA,0,NA,NA,NA,"F1",2.7,220,NA,NA,NA,NA,0,NA,NA,0,NA,NA,38,-92.22,38.02,-92.17,NA,NA,"PUB"
"66",195006,15,100,195006,15,100,NA,10063618,"MISSOURI",29,1950,"June     ","Tornado","C",205,"SHELBY",NA,"15-JUN-50 01:00:00","CST","15-JUN-50 01:00:00",0,0,0,0,"2.5K",0,NA,0,NA,NA,NA,"F1",0.2,100,NA,NA,NA,NA,0,NA,NA,0,NA,NA,39.7,-92.07,NA,NA,NA,NA,"PUB"
"67",195007,19,1600,195007,19,1600,NA,10063619,"MISSOURI",29,1950,"July     ","Tornado","C",141,"MORGAN",NA,"19-JUL-50 16:00:00","CST","19-JUL-50 16:00:00",0,0,0,0,".25K",0,NA,0,NA,NA,NA,"F1",1.5,440,NA,NA,NA,NA,0,NA,NA,0,NA,NA,38.42,-92.77,NA,NA,NA,NA,"PUB"
"68",195007,11,1700,195007,11,1700,NA,10080563,"NEW MEXICO",35,1950,"July     ","Tornado","C",37,"QUAY",NA,"11-JUL-50 17:00:00","CST","11-JUL-50 17:00:00",0,0,0,0,".25K",0,NA,0,NA,NA,NA,"F1",3.8,500,NA,NA,NA,NA,0,NA,NA,0,NA,NA,35.28,-103.52,35.33,-103.48,NA,NA,"PUB"
"69",195008,2,1230,195008,2,1230,NA,10080564,"NEW MEXICO",35,1950,"August   ","Tornado","C",53,"SOCORRO",NA,"02-AUG-50 12:30:00","CST","02-AUG-50 12:30:00",0,0,0,0,"25K",0,NA,0,NA,NA,NA,"F1",7.9,100,NA,NA,NA,NA,0,NA,NA,0,NA,NA,34.12,-107.23,34.02,-107.3,NA,NA,"PUB"
"70",195008,8,100,195008,8,100,NA,10063620,"MISSOURI",29,1950,"August   ","Tornado","C",77,"GREENE",NA,"08-AUG-50 01:00:00","CST","08-AUG-50 01:00:00",0,0,0,0,".25K",0,NA,0,NA,NA,NA,"F1",2,10,NA,NA,NA,NA,0,NA,NA,0,NA,NA,37.13,-93.38,NA,NA,NA,NA,"PUB"
"71",195005,1,500,195005,1,500,NA,10050382,"MISSISSIPPI",28,1950,"May      ","Tornado","C",63,"JEFFERSON",NA,"01-MAY-50 05:00:00","CST","01-MAY-50 05:00:00",0,0,0,0,"25K",0,NA,0,NA,NA,NA,"F1",0,33,NA,NA,NA,NA,0,NA,NA,0,NA,NA,31.73,-91.07,NA,NA,NA,NA,"PUB"
"72",195005,1,900,195005,1,900,NA,10050383,"MISSISSIPPI",28,1950,"May      ","Tornado","C",1,"ADAMS",NA,"01-MAY-50 09:00:00","CST","01-MAY-50 09:00:00",0,0,0,0,"25K",0,NA,0,NA,NA,NA,"",0,33,NA,NA,NA,NA,0,NA,NA,0,NA,NA,31.55,-91.38,NA,NA,NA,NA,"PUB"
"73",195006,3,100,195006,3,100,NA,10050384,"MISSISSIPPI",28,1950,"June     ","Tornado","C",7,"ATTALA",NA,"03-JUN-50 01:00:00","CST","03-JUN-50 01:00:00",1,0,2,0,"0K",0,NA,0,NA,NA,NA,"F3",2,50,NA,NA,NA,NA,0,NA,NA,0,NA,NA,33.08,-89.58,NA,NA,NA,NA,"PUB"
"74",195002,12,1230,195002,12,1230,NA,9981923,"ARKANSAS",5,1950,"February ","Tornado","C",53,"GRANT",NA,"12-FEB-50 12:30:00","CST","12-FEB-50 12:30:00",0,0,0,0,"2.5K",0,NA,0,NA,NA,NA,"F2",0,100,NA,NA,NA,NA,0,NA,NA,0,NA,NA,34.48,-92.4,NA,NA,NA,NA,"PUB"
"75",195002,12,1500,195002,12,1500,NA,9981924,"ARKANSAS",5,1950,"February ","Tornado","C",139,"UNION",NA,"12-FEB-50 15:00:00","CST","12-FEB-50 15:00:00",0,0,0,0,"25K",0,NA,0,NA,NA,NA,"F2",5.7,100,NA,NA,NA,NA,0,NA,NA,0,NA,NA,33.27,-92.95,33.35,-92.95,NA,NA,"PUB"
"76",195003,26,1930,195003,26,1930,NA,9981925,"ARKANSAS",5,1950,"March    ","Tornado","C",19,"CLARK",NA,"26-MAR-50 19:30:00","CST","26-MAR-50 19:30:00",3,0,0,0,"25K",0,NA,0,NA,NA,NA,"F2",4.1,150,NA,NA,NA,NA,0,NA,NA,0,NA,NA,34.12,-93.07,34.17,-93.03,NA,NA,"PUB"
"77",195006,15,1642,195006,15,1642,NA,10052051,"MINNESOTA",27,1950,"June     ","Tornado","C",167,"WILKIN",NA,"15-JUN-50 16:42:00","CST","15-JUN-50 16:42:00",4,0,0,0,"2.5K",0,NA,0,NA,NA,NA,"F2",4.6,67,NA,NA,NA,NA,0,NA,NA,0,NA,NA,46.58,-96.33,46.52,-96.33,NA,NA,"PUB"
"78",195003,16,915,195003,16,915,NA,9985754,"FLORIDA",12,1950,"March    ","Tornado","C",109,"ST. JOHNS",NA,"16-MAR-50 09:15:00","CST","16-MAR-50 09:15:00",0,0,0,0,"2.5K",0,NA,0,NA,NA,NA,"F2",1.5,150,NA,NA,NA,NA,0,NA,NA,0,NA,NA,29.65,-81.22,NA,NA,NA,NA,"PUB"
"79",195005,8,1300,195005,8,1300,NA,9985755,"FLORIDA",12,1950,"May      ","Tornado","C",127,"VOLUSIA",NA,"08-MAY-50 13:00:00","CST","08-MAY-50 13:00:00",0,0,0,0,"2.5K",0,NA,0,NA,NA,NA,"F1",0.3,30,NA,NA,NA,NA,0,NA,NA,0,NA,NA,29.13,-81.35,NA,NA,NA,NA,"PUB"
"80",195005,15,1100,195005,15,1100,NA,9985756,"FLORIDA",12,1950,"May      ","Tornado","C",95,"ORANGE",NA,"15-MAY-50 11:00:00","CST","15-MAY-50 11:00:00",0,0,0,0,"25K",0,NA,0,NA,NA,NA,"F1",0,33,NA,NA,NA,NA,0,NA,NA,0,NA,NA,28.58,-81.37,NA,NA,NA,NA,"PUB"
"81",195005,15,1100,195005,15,1100,NA,9985757,"FLORIDA",12,1950,"May      ","Tornado","C",95,"ORANGE",NA,"15-MAY-50 11:00:00","CST","15-MAY-50 11:00:00",0,0,0,0,"25K",0,NA,0,NA,NA,NA,"F2",0,33,NA,NA,NA,NA,0,NA,NA,0,NA,NA,28.5,-81.37,NA,NA,NA,NA,"PUB"
"82",195008,11,1700,195008,11,1700,NA,10038920,"MARYLAND",24,1950,"August   ","Tornado","C",29,"KENT",NA,"11-AUG-50 17:00:00","CST","11-AUG-50 17:00:00",0,0,0,0,"2.5K",0,NA,0,NA,NA,NA,"F1",6,33,NA,NA,NA,NA,0,NA,NA,0,NA,NA,39.33,-75.87,NA,NA,NA,NA,"PUB"
"83",195004,2,1800,195004,2,1800,NA,9983003,"ARKANSAS",5,1950,"April    ","Tornado","C",93,"MISSISSIPPI",NA,"02-APR-50 18:00:00","CST","02-APR-50 18:00:00",0,0,0,0,"2.5K",0,NA,0,NA,NA,NA,"F1",0.8,100,NA,NA,NA,NA,0,NA,NA,0,NA,NA,35.98,-89.92,NA,NA,NA,NA,"PUB"
"84",195008,24,345,195008,24,345,NA,9983004,"ARKANSAS",5,1950,"August   ","Tornado","C",1,"ARKANSAS",NA,"24-AUG-50 03:45:00","CST","24-AUG-50 03:45:00",7,0,0,0,"25K",0,NA,0,NA,NA,NA,"F2",3.6,200,NA,NA,NA,NA,0,NA,NA,0,NA,NA,34.4,-91.43,34.43,-91.38,NA,NA,"PUB"
"85",195012,2,1625,195012,2,1625,NA,9983005,"ARKANSAS",5,1950,"December ","Tornado","C",65,"IZARD",NA,"02-DEC-50 16:25:00","CST","02-DEC-50 16:25:00",0,0,0,0,".03K",0,NA,0,NA,NA,NA,"F3",7.8,33,NA,NA,NA,NA,0,NA,NA,0,NA,NA,36.12,-91.83,36.18,-91.72,NA,NA,"PUB"
"86",195003,26,1931,195003,26,1931,NA,9982998,"ARKANSAS",5,1950,"March    ","Tornado","C",65,"IZARD",NA,"26-MAR-50 19:31:00","CST","26-MAR-50 19:31:00",1,0,0,0,"250K",0,NA,0,NA,NA,NA,"F3",5.7,200,NA,NA,NA,NA,0,NA,NA,0,NA,NA,36.15,-91.83,36.2,-91.75,NA,NA,"PUB"
"87",195003,26,2030,195003,26,2030,NA,9982999,"ARKANSAS",5,1950,"March    ","Tornado","C",119,"PULASKI",NA,"26-MAR-50 20:30:00","CST","26-MAR-50 20:30:00",7,0,0,0,"250K",0,NA,0,NA,NA,NA,"F2",10.4,600,NA,NA,NA,NA,0,NA,NA,0,NA,NA,34.7,-92.35,34.8,-92.22,NA,NA,"PUB"
"88",195003,26,2115,195003,26,2115,NA,9983000,"ARKANSAS",5,1950,"March    ","Tornado","C",117,"PRAIRIE",NA,"26-MAR-50 21:15:00","CST","26-MAR-50 21:15:00",20,0,0,0,"250K",0,NA,0,NA,NA,NA,"F3",14.9,1760,NA,NA,NA,NA,0,NA,NA,0,NA,NA,34.98,-91.73,35.08,-91.5,NA,NA,"PUB"
"89",195003,26,2330,195003,26,2330,NA,9983001,"ARKANSAS",5,1950,"March    ","Tornado","C",147,"WOODRUFF",NA,"26-MAR-50 23:30:00","CST","26-MAR-50 23:30:00",2,0,0,0,"0K",0,NA,0,NA,NA,NA,"F2",5.4,833,NA,NA,NA,NA,0,NA,NA,0,NA,NA,35.1,-91.4,35.15,-91.33,NA,NA,"PUB"
"90",195011,20,220,195011,20,220,NA,10035921,"KENTUCKY",21,1950,"November ","Tornado","C",177,"MUHLENBERG",NA,"20-NOV-50 02:20:00","CST","20-NOV-50 02:20:00",0,0,0,0,"250K",0,NA,0,NA,NA,NA,"F2",0,33,NA,NA,NA,NA,0,NA,NA,0,NA,NA,37.37,-87.2,NA,NA,NA,NA,"PUB"
"91",195011,20,400,195011,20,400,NA,10035922,"KENTUCKY",21,1950,"November ","Tornado","C",209,"SCOTT",NA,"20-NOV-50 04:00:00","CST","20-NOV-50 04:00:00",0,0,0,0,"250K",0,NA,0,NA,NA,NA,"F1",0,33,NA,NA,NA,NA,0,NA,NA,0,NA,NA,38.2,-84.5,NA,NA,NA,NA,"PUB"
"92",195004,18,145,195004,18,145,NA,9979423,"ALABAMA",1,1950,"April    ","Tornado","C",3,"BALDWIN",NA,"18-APR-50 01:45:00","CST","18-APR-50 01:45:00",0,0,0,0,"2.5K",0,NA,0,NA,NA,NA,"F2",2,150,NA,NA,NA,NA,0,NA,NA,0,NA,NA,30.7,-87.92,NA,NA,NA,NA,"PUB"
"93",195007,12,1600,195007,12,1600,NA,9986148,"CONNECTICUT",9,1950,"July     ","Tornado","C",7,"MIDDLESEX",NA,"12-JUL-50 16:00:00","CST","12-JUL-50 16:00:00",0,0,0,0,"2.5K",0,NA,0,NA,NA,NA,"F2",10,33,NA,NA,NA,NA,0,NA,NA,0,NA,NA,41.57,-72.57,NA,NA,NA,NA,"PUB"
"94",195003,26,1930,195003,26,1930,NA,9981926,"ARKANSAS",5,1950,"March    ","Tornado","C",59,"HOT SPRING",NA,"26-MAR-50 19:30:00","CST","26-MAR-50 19:30:00",0,0,0,0,"25K",0,NA,0,NA,NA,NA,"F2",13.3,150,NA,NA,NA,NA,0,NA,NA,0,NA,NA,34.17,-93.03,34.32,-92.88,NA,NA,"PUB"
"95",195004,2,1530,195004,2,1530,NA,9983002,"ARKANSAS",5,1950,"April    ","Tornado","C",67,"JACKSON",NA,"02-APR-50 15:30:00","CST","02-APR-50 15:30:00",8,0,1,0,"2.5K",0,NA,0,NA,NA,NA,"F3",2.5,33,NA,NA,NA,NA,0,NA,NA,0,NA,NA,35.75,-91.22,NA,NA,NA,NA,"PUB"
"96",195008,30,1600,195008,30,1600,NA,9985758,"FLORIDA",12,1950,"August   ","Tornado","C",37,"FRANKLIN",NA,"30-AUG-50 16:00:00","CST","30-AUG-50 16:00:00",0,0,0,0,"25K",0,NA,0,NA,NA,NA,"F1",0.5,50,NA,NA,NA,NA,0,NA,NA,0,NA,NA,29.73,-84.98,NA,NA,NA,NA,"PUB"
"97",195008,31,2,195008,31,2,NA,9985759,"FLORIDA",12,1950,"August   ","Tornado","C",63,"JACKSON",NA,"31-AUG-50 00:02:00","CST","31-AUG-50 00:02:00",0,0,0,0,"2.5K",0,NA,0,NA,NA,NA,"",0,33,NA,NA,NA,NA,0,NA,NA,0,NA,NA,30.8,-85.2,NA,NA,NA,NA,"PUB"
"98",195011,20,730,195011,20,730,NA,10047275,"MISSISSIPPI",28,1950,"November ","Tornado","C",101,"NEWTON",NA,"20-NOV-50 07:30:00","CST","20-NOV-50 07:30:00",3,0,0,0,"25K",0,NA,0,NA,NA,NA,"F1",2,37,NA,NA,NA,NA,0,NA,NA,0,NA,NA,32.42,-89.13,NA,NA,NA,NA,"PUB"
"99",195005,12,1400,195005,12,1400,NA,10077690,"NORTH CAROLINA",37,1950,"May      ","Tornado","C",147,"PITT",NA,"12-MAY-50 14:00:00","CST","12-MAY-50 14:00:00",0,0,0,0,"25K",0,NA,0,NA,NA,NA,"F1",2,33,NA,NA,NA,NA,0,NA,NA,0,NA,NA,35.75,-77.42,NA,NA,NA,NA,"PUB"
"100",195005,12,1700,195005,12,1700,NA,10077691,"NORTH CAROLINA",37,1950,"May      ","Tornado","C",183,"WAKE",NA,"12-MAY-50 17:00:00","CST","12-MAY-50 17:00:00",0,0,0,0,"0K",0,NA,0,NA,NA,NA,"F0",1,200,NA,NA,NA,NA,0,NA,NA,0,NA,NA,35.73,-78.4,NA,NA,NA,NA,"PUB"
"101",195005,12,1700,195005,12,1700,NA,10077692,"NORTH CAROLINA",37,1950,"May      ","Tornado","C",183,"WAKE",NA,"12-MAY-50 17:00:00","CST","12-MAY-50 17:00:00",0,0,0,0,"0K",0,NA,0,NA,NA,NA,"F1",1,200,NA,NA,NA,NA,0,NA,NA,0,NA,NA,35.73,-78.4,NA,NA,NA,NA,"PUB"
"102",195005,14,1700,195005,14,1700,NA,10077693,"NORTH CAROLINA",37,1950,"May      ","Tornado","C",123,"MONTGOMERY",NA,"14-MAY-50 17:00:00","CST","14-MAY-50 17:00:00",0,0,0,0,"2.5K",0,NA,0,NA,NA,NA,"F1",3.8,50,NA,NA,NA,NA,0,NA,NA,0,NA,NA,35.3,-79.8,35.33,-79.75,NA,NA,"PUB"
"103",195005,14,1730,195005,14,1730,NA,10077694,"NORTH CAROLINA",37,1950,"May      ","Tornado","C",179,"UNION",NA,"14-MAY-50 17:30:00","CST","14-MAY-50 17:30:00",5,0,0,0,"0K",0,NA,0,NA,NA,NA,"F2",2,33,NA,NA,NA,NA,0,NA,NA,0,NA,NA,35,-80.68,NA,NA,NA,NA,"PUB"
"104",195005,31,1530,195005,31,1530,NA,10077695,"NORTH CAROLINA",37,1950,"May      ","Tornado","C",147,"PITT",NA,"31-MAY-50 15:30:00","CST","31-MAY-50 15:30:00",0,0,0,0,"2.5K",0,NA,0,NA,NA,NA,"F1",0,33,NA,NA,NA,NA,0,NA,NA,0,NA,NA,35.42,-77.25,NA,NA,NA,NA,"PUB"
"105",195007,26,1530,195007,26,1530,NA,10077696,"NORTH CAROLINA",37,1950,"July     ","Tornado","C",147,"PITT",NA,"26-JUL-50 15:30:00","CST","26-JUL-50 15:30:00",0,0,0,0,"0K",0,NA,0,NA,NA,NA,"F1",0,33,NA,NA,NA,NA,0,NA,NA,0,NA,NA,35.53,-77.4,NA,NA,NA,NA,"PUB"
"106",195007,27,1620,195007,27,1620,NA,10077697,"NORTH CAROLINA",37,1950,"July     ","Tornado","C",25,"CABARRUS",NA,"27-JUL-50 16:20:00","CST","27-JUL-50 16:20:00",0,0,0,0,"2.5K",0,NA,0,NA,NA,NA,"F1",0,33,NA,NA,NA,NA,0,NA,NA,0,NA,NA,35.4,-80.57,NA,NA,NA,NA,"PUB"
"107",195010,9,215,195010,9,215,NA,10077698,"NORTH CAROLINA",37,1950,"October  ","Tornado","C",47,"COLUMBUS",NA,"09-OCT-50 02:15:00","CST","09-OCT-50 02:15:00",3,0,0,0,"250K",0,NA,0,NA,NA,NA,"F3",2,880,NA,NA,NA,NA,0,NA,NA,0,NA,NA,34.17,-78.6,NA,NA,NA,NA,"PUB"
"108",195007,3,1820,195007,3,1820,NA,10004028,"INDIANA",18,1950,"July     ","Tornado","C",141,"ST. JOSEPH",NA,"03-JUL-50 18:20:00","CST","03-JUL-50 18:20:00",0,0,0,0,"0K",0,NA,0,NA,NA,NA,"",0,33,NA,NA,NA,NA,0,NA,NA,0,NA,NA,41.65,-86.3,NA,NA,NA,NA,"PUB"
"109",195004,27,1600,195004,27,1600,NA,10117453,"SOUTH CAROLINA",45,1950,"April    ","Tornado","C",15,"BERKELEY",NA,"27-APR-50 16:00:00","CST","27-APR-50 16:00:00",0,0,0,0,"25K",0,NA,0,NA,NA,NA,"F1",0.7,37,NA,NA,NA,NA,0,NA,NA,0,NA,NA,33.07,-80,NA,NA,NA,NA,"PUB"
"110",195007,22,1507,195007,22,1507,NA,9991325,"COLORADO",8,1950,"July     ","Tornado","C",123,"WELD",NA,"22-JUL-50 15:07:00","CST","22-JUL-50 15:07:00",0,0,0,0,"0K",0,NA,0,NA,NA,NA,"",0,33,NA,NA,NA,NA,0,NA,NA,0,NA,NA,40.52,-104.57,NA,NA,NA,NA,"PUB"
"111",195008,5,1730,195008,5,1730,NA,9991326,"COLORADO",8,1950,"August   ","Tornado","C",115,"SEDGWICK",NA,"05-AUG-50 17:30:00","CST","05-AUG-50 17:30:00",1,0,0,0,"25K",0,NA,0,NA,NA,NA,"F2",0,33,NA,NA,NA,NA,0,NA,NA,0,NA,NA,40.73,-102.55,40.72,-102.52,NA,NA,"PUB"
"112",195008,5,1735,195008,5,1735,NA,9991327,"COLORADO",8,1950,"August   ","Tornado","C",115,"SEDGWICK",NA,"05-AUG-50 17:35:00","CST","05-AUG-50 17:35:00",0,0,0,0,"25K",0,NA,0,NA,NA,NA,"F2",0,33,NA,NA,NA,NA,0,NA,NA,0,NA,NA,40.7,-102.5,40.68,-102.47,NA,NA,"PUB"
"113",195007,19,1430,195007,19,1430,NA,10004029,"INDIANA",18,1950,"July     ","Tornado","C",45,"FOUNTAIN",NA,"19-JUL-50 14:30:00","CST","19-JUL-50 14:30:00",0,0,0,0,"25K",0,NA,0,NA,NA,NA,"F1",4.3,200,NA,NA,NA,NA,0,NA,NA,0,NA,NA,40.22,-87.15,40.18,-87.07,NA,NA,"PUB"
"114",195007,19,1745,195007,19,1745,NA,10004030,"INDIANA",18,1950,"July     ","Tornado","C",3,"ALLEN",NA,"19-JUL-50 17:45:00","CST","19-JUL-50 17:45:00",0,0,0,0,"0K",0,NA,0,NA,NA,NA,"F2",1.1,100,NA,NA,NA,NA,0,NA,NA,0,NA,NA,41.07,-85.08,41.08,-85.08,NA,NA,"PUB"
"115",195002,12,1300,195002,12,1300,NA,10032623,"LOUISIANA",22,1950,"February ","Tornado","C",31,"DE SOTO",NA,"12-FEB-50 13:00:00","CST","12-FEB-50 13:00:00",0,0,0,0,"250K",0,NA,0,NA,NA,NA,"F4",29.8,100,NA,NA,NA,NA,0,NA,NA,0,NA,NA,31.97,-94,32.35,-93.77,NA,NA,"PUB"
"116",195002,12,1320,195002,12,1320,NA,10032624,"LOUISIANA",22,1950,"February ","Tornado","C",31,"DE SOTO",NA,"12-FEB-50 13:20:00","CST","12-FEB-50 13:20:00",0,0,0,0,"250K",0,NA,0,NA,NA,NA,"F2",46.2,100,NA,NA,NA,NA,0,NA,NA,0,NA,NA,32.2,-93.58,32.8,-93.23,NA,NA,"PUB"
"117",195002,12,1400,195002,12,1400,NA,10032625,"LOUISIANA",22,1950,"February ","Tornado","C",85,"SABINE",NA,"12-FEB-50 14:00:00","CST","12-FEB-50 14:00:00",25,0,5,0,"250K",0,NA,0,NA,NA,NA,"F3",17.6,100,NA,NA,NA,NA,0,NA,NA,0,NA,NA,31.63,-93.65,31.83,-93.47,NA,NA,"PUB"
"118",195002,12,1400,195002,12,1400,NA,10032626,"LOUISIANA",22,1950,"February ","Tornado","C",17,"CADDO",NA,"12-FEB-50 14:00:00","CST","12-FEB-50 14:00:00",40,0,9,0,"250K",0,NA,0,NA,NA,NA,"F4",9,100,NA,NA,NA,NA,0,NA,NA,0,NA,NA,32.35,-93.77,32.47,-93.7,NA,NA,"PUB"
"119",195002,12,1420,195002,12,1420,NA,10032628,"LOUISIANA",22,1950,"February ","Tornado","C",15,"BOSSIER",NA,"12-FEB-50 14:20:00","CST","12-FEB-50 14:20:00",37,0,9,0,"250K",0,NA,0,NA,NA,NA,"F4",30.7,100,NA,NA,NA,NA,0,NA,NA,0,NA,NA,32.47,-93.7,32.85,-93.43,NA,NA,"PUB"
"120",195002,12,1430,195002,12,1430,NA,10032629,"LOUISIANA",22,1950,"February ","Tornado","C",69,"NATCHITOCHES",NA,"12-FEB-50 14:30:00","CST","12-FEB-50 14:30:00",0,0,0,0,"250K",0,NA,0,NA,NA,NA,"F3",16.5,100,NA,NA,NA,NA,0,NA,NA,0,NA,NA,31.83,-93.47,32,-93.27,NA,NA,"PUB"
"121",195002,12,1500,195002,12,1500,NA,10032630,"LOUISIANA",22,1950,"February ","Tornado","C",69,"NATCHITOCHES",NA,"12-FEB-50 15:00:00","CST","12-FEB-50 15:00:00",0,0,0,0,"250K",0,NA,0,NA,NA,NA,"F3",13.3,100,NA,NA,NA,NA,0,NA,NA,0,NA,NA,32,-93.27,32.18,-93.2,NA,NA,"PUB"
"122",195002,12,1500,195002,12,1500,NA,10032631,"LOUISIANA",22,1950,"February ","Tornado","C",119,"WEBSTER",NA,"12-FEB-50 15:00:00","CST","12-FEB-50 15:00:00",0,0,0,0,"250K",0,NA,0,NA,NA,NA,"F4",13.1,100,NA,NA,NA,NA,0,NA,NA,0,NA,NA,32.85,-93.43,33,-93.3,NA,NA,"PUB"
"123",195002,12,1520,195002,12,1520,NA,10032632,"LOUISIANA",22,1950,"February ","Tornado","C",13,"BIENVILLE",NA,"12-FEB-50 15:20:00","CST","12-FEB-50 15:20:00",0,0,0,0,"250K",0,NA,0,NA,NA,NA,"F3",27.1,100,NA,NA,NA,NA,0,NA,NA,0,NA,NA,32.18,-93.2,32.55,-93.03,NA,NA,"PUB"
"124",195002,12,2300,195002,12,2300,NA,10032633,"LOUISIANA",22,1950,"February ","Tornado","C",35,"EAST CARROLL",NA,"12-FEB-50 23:00:00","CST","12-FEB-50 23:00:00",0,0,0,0,"25K",0,NA,0,NA,NA,NA,"F1",0.5,33,NA,NA,NA,NA,0,NA,NA,0,NA,NA,32.6,-91.33,NA,NA,NA,NA,"PUB"
"125",195003,19,730,195003,19,730,NA,10032634,"LOUISIANA",22,1950,"March    ","Tornado","C",19,"CALCASIEU",NA,"19-MAR-50 07:30:00","CST","19-MAR-50 07:30:00",2,0,0,0,"25K",0,NA,0,NA,NA,NA,"F1",2,33,NA,NA,NA,NA,0,NA,NA,0,NA,NA,30.45,-93.45,NA,NA,NA,NA,"PUB"
"126",195003,19,1315,195003,19,1315,NA,10032635,"LOUISIANA",22,1950,"March    ","Tornado","C",51,"JEFFERSON",NA,"19-MAR-50 13:15:00","CST","19-MAR-50 13:15:00",0,0,0,0,"25K",0,NA,0,NA,NA,NA,"F0",18.1,27,NA,NA,NA,NA,0,NA,NA,0,NA,NA,29.7,-90.1,29.67,-89.8,NA,NA,"PUB"
"127",195003,19,1315,195003,19,1315,NA,10032636,"LOUISIANA",22,1950,"March    ","Tornado","C",5,"ASCENSION",NA,"19-MAR-50 13:15:00","CST","19-MAR-50 13:15:00",0,0,0,0,"25K",0,NA,0,NA,NA,NA,"F2",1,50,NA,NA,NA,NA,0,NA,NA,0,NA,NA,30.1,-91,NA,NA,NA,NA,"PUB"
"128",195004,28,1700,195004,28,1700,NA,10027577,"KANSAS",20,1950,"April    ","Tornado","C",31,"COFFEY",NA,"28-APR-50 17:00:00","CST","28-APR-50 17:00:00",0,0,0,0,"25K",0,NA,0,NA,NA,NA,"F1",19.8,33,NA,NA,NA,NA,0,NA,NA,0,NA,NA,38.12,-95.85,38.35,-95.63,NA,NA,"PUB"
"129",195005,4,2000,195005,4,2000,NA,10027578,"KANSAS",20,1950,"May      ","Tornado","C",165,"RUSH",NA,"04-MAY-50 20:00:00","CST","04-MAY-50 20:00:00",0,0,0,0,"25K",0,NA,0,NA,NA,NA,"F1",0,33,NA,NA,NA,NA,0,NA,NA,0,NA,NA,38.68,-99.32,NA,NA,NA,NA,"PUB"
"130",195005,4,2310,195005,4,2310,NA,10027579,"KANSAS",20,1950,"May      ","Tornado","C",9,"BARTON",NA,"04-MAY-50 23:10:00","CST","04-MAY-50 23:10:00",0,0,0,0,"250K",0,NA,0,NA,NA,NA,"F4",19.3,150,NA,NA,NA,NA,0,NA,NA,0,NA,NA,38.03,-99.12,38.27,-98.92,NA,NA,"PUB"
"131",195005,4,2330,195005,4,2330,NA,10027580,"KANSAS",20,1950,"May      ","Tornado","C",145,"PAWNEE",NA,"04-MAY-50 23:30:00","CST","04-MAY-50 23:30:00",1,0,0,0,"250K",0,NA,0,NA,NA,NA,"F4",14.5,150,NA,NA,NA,NA,0,NA,NA,0,NA,NA,38.27,-98.92,38.45,-98.78,NA,NA,"PUB"
"132",195005,5,330,195005,5,330,NA,10027581,"KANSAS",20,1950,"May      ","Tornado","C",85,"JACKSON",NA,"05-MAY-50 03:30:00","CST","05-MAY-50 03:30:00",12,0,0,0,"250K",0,NA,0,NA,NA,NA,"F3",3.3,440,NA,NA,NA,NA,0,NA,NA,0,NA,NA,39.62,-95.62,39.65,-95.57,NA,NA,"PUB"
"133",195005,5,340,195005,5,340,NA,10027582,"KANSAS",20,1950,"May      ","Tornado","C",13,"BROWN",NA,"05-MAY-50 03:40:00","CST","05-MAY-50 03:40:00",0,0,0,0,"250K",0,NA,0,NA,NA,NA,"F3",14,440,NA,NA,NA,NA,0,NA,NA,0,NA,NA,39.65,-95.57,39.85,-95.52,NA,NA,"PUB"
"134",195005,8,430,195005,8,430,NA,10110746,"SOUTH DAKOTA",46,1950,"May      ","Tornado","C",67,"HUTCHINSON",NA,"08-MAY-50 04:30:00","CST","08-MAY-50 04:30:00",0,0,0,0,"2.5K",0,NA,0,NA,NA,NA,"F1",1,33,NA,NA,NA,NA,0,NA,NA,0,NA,NA,43.38,-97.97,NA,NA,NA,NA,"PUB"
"135",195005,4,2100,195005,4,2100,NA,10017009,"IOWA",19,1950,"May      ","Tornado","C",129,"MILLS",NA,"04-MAY-50 21:00:00","CST","04-MAY-50 21:00:00",0,0,0,0,".03K",0,NA,0,NA,NA,NA,"F1",0,33,NA,NA,NA,NA,0,NA,NA,0,NA,NA,40.95,-95.73,NA,NA,NA,NA,"PUB"
"136",195005,8,1920,195005,8,1920,NA,10017010,"IOWA",19,1950,"May      ","Tornado","C",137,"MONTGOMERY",NA,"08-MAY-50 19:20:00","CST","08-MAY-50 19:20:00",0,0,0,0,"0K",0,NA,0,NA,NA,NA,"F2",0,200,NA,NA,NA,NA,0,NA,NA,0,NA,NA,41.03,-95.27,41.02,-95.22,NA,NA,"PUB"
"137",195005,25,1630,195005,25,1630,NA,10120416,"TEXAS",48,1950,"May      ","Tornado","C",115,"DAWSON",NA,"25-MAY-50 16:30:00","CST","25-MAY-50 16:30:00",0,0,0,0,"2.5K",0,NA,0,NA,NA,NA,"F1",3,880,NA,NA,NA,NA,0,NA,NA,0,NA,NA,32.67,-101.88,32.65,-101.85,NA,NA,"PUB"
"138",195005,29,1700,195005,29,1700,NA,10120417,"TEXAS",48,1950,"May      ","Tornado","C",121,"DENTON",NA,"29-MAY-50 17:00:00","CST","29-MAY-50 17:00:00",0,0,0,0,"0K",0,NA,0,NA,NA,NA,"F1",3.4,267,NA,NA,NA,NA,0,NA,NA,0,NA,NA,33.35,-96.92,33.3,-96.92,NA,NA,"PUB"
"139",195006,5,1555,195006,5,1555,NA,10120418,"TEXAS",48,1950,"June     ","Tornado","C",477,"WASHINGTON",NA,"05-JUN-50 15:55:00","CST","05-JUN-50 15:55:00",6,0,0,0,"250K",0,NA,0,NA,NA,NA,"F3",23.9,67,NA,NA,NA,NA,0,NA,NA,0,NA,NA,30.18,-96.4,30.02,-96.05,NA,NA,"PUB"
"140",195006,5,1600,195006,5,1600,NA,10120419,"TEXAS",48,1950,"June     ","Tornado","C",15,"AUSTIN",NA,"05-JUN-50 16:00:00","CST","05-JUN-50 16:00:00",2,0,0,0,"2.5M",0,NA,0,NA,NA,NA,"F1",23.7,33,NA,NA,NA,NA,0,NA,NA,0,NA,NA,29.9,-96.4,29.72,-96.07,NA,NA,"PUB"
"141",195006,19,2040,195006,19,2040,NA,10120420,"TEXAS",48,1950,"June     ","Tornado","C",205,"HARTLEY",NA,"19-JUN-50 20:40:00","CST","19-JUN-50 20:40:00",0,0,0,0,"0K",0,NA,0,NA,NA,NA,"F0",15.8,167,NA,NA,NA,NA,0,NA,NA,0,NA,NA,36.08,-102.53,36.08,-102.25,NA,NA,"PUB"
"142",195006,15,2000,195006,15,2000,NA,10017011,"IOWA",19,1950,"June     ","Tornado","C",169,"STORY",NA,"15-JUN-50 20:00:00","CST","15-JUN-50 20:00:00",5,0,0,0,"0K",0,NA,0,NA,NA,NA,"F3",5.6,300,NA,NA,NA,NA,0,NA,NA,0,NA,NA,41.98,-93.6,41.97,-93.48,NA,NA,"PUB"
"143",195007,1,2000,195007,1,2000,NA,10017012,"IOWA",19,1950,"July     ","Tornado","C",19,"BUCHANAN",NA,"01-JUL-50 20:00:00","CST","01-JUL-50 20:00:00",0,0,0,0,"0K",0,NA,0,NA,NA,NA,"F2",14,33,NA,NA,NA,NA,0,NA,NA,0,NA,NA,42.45,-91.92,NA,NA,NA,NA,"PUB"
"144",195001,3,1600,195001,3,1600,NA,10086808,"OHIO",39,1950,"January  ","Tornado","C",161,"VAN WERT",NA,"03-JAN-50 16:00:00","CST","03-JAN-50 16:00:00",1,0,0,0,"25K",0,NA,0,NA,NA,NA,"F1",0.1,33,NA,NA,NA,NA,0,NA,NA,0,NA,NA,40.88,-84.58,NA,NA,NA,NA,"PUB"
"145",195007,19,1515,195007,19,1515,NA,10086809,"OHIO",39,1950,"July     ","Tornado","C",161,"VAN WERT",NA,"19-JUL-50 15:15:00","CST","19-JUL-50 15:15:00",0,0,0,0,"0K",0,NA,0,NA,NA,NA,"F2",0,200,NA,NA,NA,NA,0,NA,NA,0,NA,NA,40.8,-84.62,40.82,-84.58,NA,NA,"PUB"
"146",195007,19,1515,195007,19,1515,NA,10086810,"OHIO",39,1950,"July     ","Tornado","C",3,"ALLEN",NA,"19-JUL-50 15:15:00","CST","19-JUL-50 15:15:00",30,0,0,0,"2.5M",0,NA,0,NA,NA,NA,"F3",9.7,300,NA,NA,NA,NA,0,NA,NA,0,NA,NA,40.72,-84.08,40.83,-83.97,NA,NA,"PUB"
"147",195006,13,1105,195006,13,1105,NA,10089655,"NORTH DAKOTA",38,1950,"June     ","Tornado","C",17,"CASS",NA,"13-JUN-50 11:05:00","CST","13-JUN-50 11:05:00",0,0,0,0,"250K",0,NA,0,NA,NA,NA,"F3",2,33,NA,NA,NA,NA,0,NA,NA,0,NA,NA,46.8,-97.92,NA,NA,NA,NA,"PUB"
"148",195006,14,1700,195006,14,1700,NA,10089656,"NORTH DAKOTA",38,1950,"June     ","Tornado","C",23,"DIVIDE",NA,"14-JUN-50 17:00:00","CST","14-JUN-50 17:00:00",0,0,0,0,"25K",0,NA,0,NA,NA,NA,"F3",23.7,33,NA,NA,NA,NA,0,NA,NA,0,NA,NA,48.92,-103.77,48.78,-103.28,NA,NA,"PUB"
"149",195005,8,1830,195005,8,1830,NA,10027583,"KANSAS",20,1950,"May      ","Tornado","C",123,"MITCHELL",NA,"08-MAY-50 18:30:00","CST","08-MAY-50 18:30:00",0,0,0,0,"250K",0,NA,0,NA,NA,NA,"F2",12.6,660,NA,NA,NA,NA,0,NA,NA,0,NA,NA,39.35,-98.48,39.47,-98.3,NA,NA,"PUB"
"150",195005,8,1900,195005,8,1900,NA,10027584,"KANSAS",20,1950,"May      ","Tornado","C",89,"JEWELL",NA,"08-MAY-50 19:00:00","CST","08-MAY-50 19:00:00",1,0,0,0,"25K",0,NA,0,NA,NA,NA,"F2",6.8,33,NA,NA,NA,NA,0,NA,NA,0,NA,NA,39.57,-98.3,39.63,-98.2,NA,NA,"PUB"
"151",195001,25,1930,195001,25,1930,NA,10063616,"MISSOURI",29,1950,"January  ","Tornado","C",93,"IRON",NA,"25-JAN-50 19:30:00","CST","25-JAN-50 19:30:00",5,0,0,0,"250K",0,NA,0,NA,NA,NA,"F2",2.3,300,NA,NA,NA,NA,0,NA,NA,0,NA,NA,37.6,-90.68,37.63,-90.65,NA,NA,"PUB"
"152",195005,10,1300,195005,10,1300,NA,10162813,"WYOMING",56,1950,"May      ","Tornado","C",41,"UINTA",NA,"10-MAY-50 13:00:00","CST","10-MAY-50 13:00:00",0,0,0,0,".03K",0,NA,0,NA,NA,NA,"F2",2,33,NA,NA,NA,NA,0,NA,NA,0,NA,NA,41.18,-110.42,NA,NA,NA,NA,"PUB"
"153",195006,7,1530,195006,7,1530,NA,10162814,"WYOMING",56,1950,"June     ","Tornado","C",27,"NIOBRARA",NA,"07-JUN-50 15:30:00","CST","07-JUN-50 15:30:00",0,0,0,0,".03K",0,NA,0,NA,NA,NA,"F1",0.2,10,NA,NA,NA,NA,0,NA,NA,0,NA,NA,43.08,-104.5,NA,NA,NA,NA,"PUB"
"154",195006,14,1600,195006,14,1600,NA,10162815,"WYOMING",56,1950,"June     ","Tornado","C",45,"WESTON",NA,"14-JUN-50 16:00:00","CST","14-JUN-50 16:00:00",0,0,0,0,".03K",0,NA,0,NA,NA,NA,"F1",0.2,10,NA,NA,NA,NA,0,NA,NA,0,NA,NA,44.13,-104.18,NA,NA,NA,NA,"PUB"
"155",195002,11,1310,195002,11,1310,NA,10120402,"TEXAS",48,1950,"February ","Tornado","C",39,"BRAZORIA",NA,"11-FEB-50 13:10:00","CST","11-FEB-50 13:10:00",0,0,0,0,"25K",0,NA,0,NA,NA,NA,"F2",9.9,400,NA,NA,NA,NA,0,NA,NA,0,NA,NA,29.42,-95.25,29.52,-95.13,NA,NA,"PUB"
"156",195005,8,1930,195005,8,1930,NA,10027585,"KANSAS",20,1950,"May      ","Tornado","C",141,"OSBORNE",NA,"08-MAY-50 19:30:00","CST","08-MAY-50 19:30:00",2,0,0,0,"25K",0,NA,0,NA,NA,NA,"F2",19.6,440,NA,NA,NA,NA,0,NA,NA,0,NA,NA,39.23,-98.95,39.23,-98.58,NA,NA,"PUB"
"157",195004,18,130,195004,18,130,NA,9979207,"ALABAMA",1,1950,"April    ","Tornado","C",97,"MOBILE",NA,"18-APR-50 01:30:00","CST","18-APR-50 01:30:00",15,0,0,0,"25K",0,NA,0,NA,NA,NA,"F3",14,100,NA,NA,NA,NA,0,NA,NA,0,NA,NA,30.67,-88.2,30.85,-88.1,NA,NA,"PUB"
"158",195001,13,525,195001,13,525,NA,9981922,"ARKANSAS",5,1950,"January  ","Tornado","C",113,"POLK",NA,"13-JAN-50 05:25:00","CST","13-JAN-50 05:25:00",1,0,1,0,"2.5K",0,NA,0,NA,NA,NA,"F3",0.6,17,NA,NA,NA,NA,0,NA,NA,0,NA,NA,34.4,-94.37,NA,NA,NA,NA,"PUB"
"159",195002,12,1420,195002,12,1420,NA,10032627,"LOUISIANA",22,1950,"February ","Tornado","C",27,"CLAIBORNE",NA,"12-FEB-50 14:20:00","CST","12-FEB-50 14:20:00",10,0,5,0,"250K",0,NA,0,NA,NA,NA,"F2",12.2,100,NA,NA,NA,NA,0,NA,NA,0,NA,NA,32.8,-93.23,32.97,-93.17,NA,NA,"PUB"
"160",195008,9,1655,195008,9,1655,NA,10147653,"WEST VIRGINIA",54,1950,"August   ","Tornado","C",107,"WOOD",NA,"09-AUG-50 16:55:00","CST","09-AUG-50 16:55:00",0,0,0,0,"0K",0,NA,0,NA,NA,NA,"F1",5,33,NA,NA,NA,NA,0,NA,NA,0,NA,NA,39.28,-81.38,NA,NA,NA,NA,"PUB"
"161",195007,14,630,195007,14,630,NA,9986149,"CONNECTICUT",9,1950,"July     ","Tornado","C",1,"FAIRFIELD",NA,"14-JUL-50 06:30:00","CST","14-JUL-50 06:30:00",3,0,0,0,"250K",0,NA,0,NA,NA,NA,"F2",5,100,NA,NA,NA,NA,0,NA,NA,0,NA,NA,41.27,-73.5,NA,NA,NA,NA,"PUB"
"162",195006,13,300,195006,13,300,NA,10009714,"ILLINOIS",17,1950,"June     ","Tornado","C",15,"CARROLL",NA,"13-JUN-50 03:00:00","CST","13-JUN-50 03:00:00",0,0,0,0,"25K",0,NA,0,NA,NA,NA,"F1",0,33,NA,NA,NA,NA,0,NA,NA,0,NA,NA,41.95,-89.77,NA,NA,NA,NA,"PUB"
"163",195007,16,2215,195007,16,2215,NA,10009715,"ILLINOIS",17,1950,"July     ","Tornado","C",105,"LIVINGSTON",NA,"16-JUL-50 22:15:00","CST","16-JUL-50 22:15:00",0,0,0,0,"25K",0,NA,0,NA,NA,NA,"F1",1,33,NA,NA,NA,NA,0,NA,NA,0,NA,NA,41.08,-88.43,NA,NA,NA,NA,"PUB"
"164",195012,2,1500,195012,2,1500,NA,10009716,"ILLINOIS",17,1950,"December ","Tornado","C",119,"MADISON",NA,"02-DEC-50 15:00:00","CST","02-DEC-50 15:00:00",0,0,0,0,"25K",0,NA,0,NA,NA,NA,"F2",7.3,50,NA,NA,NA,NA,0,NA,NA,0,NA,NA,38.97,-90.05,39,-89.92,NA,NA,"PUB"
"165",195012,2,1515,195012,2,1515,NA,10009717,"ILLINOIS",17,1950,"December ","Tornado","C",117,"MACOUPIN",NA,"02-DEC-50 15:15:00","CST","02-DEC-50 15:15:00",3,0,1,0,"25K",0,NA,0,NA,NA,NA,"F2",11.5,50,NA,NA,NA,NA,0,NA,NA,0,NA,NA,39,-89.92,39.07,-89.72,NA,NA,"PUB"
"166",195012,2,1600,195012,2,1600,NA,10009718,"ILLINOIS",17,1950,"December ","Tornado","C",119,"MADISON",NA,"02-DEC-50 16:00:00","CST","02-DEC-50 16:00:00",0,0,0,0,"2.5M",0,NA,0,NA,NA,NA,"F3",4.7,200,NA,NA,NA,NA,0,NA,NA,0,NA,NA,38.75,-89.67,38.8,-89.6,NA,NA,"PUB"
"167",195012,2,1600,195012,2,1600,NA,10009719,"ILLINOIS",17,1950,"December ","Tornado","C",5,"BOND",NA,"02-DEC-50 16:00:00","CST","02-DEC-50 16:00:00",25,0,2,0,"2.5M",0,NA,0,NA,NA,NA,"F3",13.3,200,NA,NA,NA,NA,0,NA,NA,0,NA,NA,38.8,-89.6,38.9,-89.38,NA,NA,"PUB"
"168",195012,2,1730,195012,2,1730,NA,10009720,"ILLINOIS",17,1950,"December ","Tornado","C",157,"RANDOLPH",NA,"02-DEC-50 17:30:00","CST","02-DEC-50 17:30:00",0,0,0,0,"25K",0,NA,0,NA,NA,NA,"F1",9.6,50,NA,NA,NA,NA,0,NA,NA,0,NA,NA,38.17,-89.78,38.22,-89.62,NA,NA,"PUB"
"169",195007,2,1900,195007,2,1900,NA,10028673,"KANSAS",20,1950,"July     ","Tornado","C",171,"SCOTT",NA,"02-JUL-50 19:00:00","CST","02-JUL-50 19:00:00",0,0,0,0,"2.5M",0,NA,0,NA,NA,NA,"F2",1,90,NA,NA,NA,NA,0,NA,NA,0,NA,NA,38.47,-100.88,NA,NA,NA,NA,"PUB"
"170",195007,8,2245,195007,8,2245,NA,10028674,"KANSAS",20,1950,"July     ","Tornado","C",117,"MARSHALL",NA,"08-JUL-50 22:45:00","CST","08-JUL-50 22:45:00",0,0,0,0,"25K",0,NA,0,NA,NA,NA,"F1",1,90,NA,NA,NA,NA,0,NA,NA,0,NA,NA,39.82,-96.8,NA,NA,NA,NA,"PUB"
"171",195007,18,1630,195007,18,1630,NA,10028675,"KANSAS",20,1950,"July     ","Tornado","C",1,"ALLEN",NA,"18-JUL-50 16:30:00","CST","18-JUL-50 16:30:00",0,0,0,0,"0K",0,NA,0,NA,NA,NA,"F1",0,33,NA,NA,NA,NA,0,NA,NA,0,NA,NA,37.68,-95.52,NA,NA,NA,NA,"PUB"
"172",195008,6,1500,195008,6,1500,NA,10028676,"KANSAS",20,1950,"August   ","Tornado","C",153,"RAWLINS",NA,"06-AUG-50 15:00:00","CST","06-AUG-50 15:00:00",0,0,0,0,"25K",0,NA,0,NA,NA,NA,"F1",0,33,NA,NA,NA,NA,0,NA,NA,0,NA,NA,39.93,-101,NA,NA,NA,NA,"PUB"
"173",195005,8,2117,195005,8,2117,NA,10027586,"KANSAS",20,1950,"May      ","Tornado","C",29,"CLOUD",NA,"08-MAY-50 21:17:00","CST","08-MAY-50 21:17:00",1,0,0,0,"25K",0,NA,0,NA,NA,NA,"F1",0,33,NA,NA,NA,NA,0,NA,NA,0,NA,NA,39.4,-97.65,NA,NA,NA,NA,"PUB"
"174",195008,6,1800,195008,6,1800,NA,10028677,"KANSAS",20,1950,"August   ","Tornado","C",55,"FINNEY",NA,"06-AUG-50 18:00:00","CST","06-AUG-50 18:00:00",0,0,0,0,"2.5K",0,NA,0,NA,NA,NA,"F2",0,33,NA,NA,NA,NA,0,NA,NA,0,NA,NA,37.97,-100.77,NA,NA,NA,NA,"PUB"
"175",195008,6,1830,195008,6,1830,NA,10028678,"KANSAS",20,1950,"August   ","Tornado","C",63,"GOVE",NA,"06-AUG-50 18:30:00","CST","06-AUG-50 18:30:00",0,0,0,0,"250K",0,NA,0,NA,NA,NA,"F2",8.7,33,NA,NA,NA,NA,0,NA,NA,0,NA,NA,39.13,-100.63,39.12,-100.47,NA,NA,"PUB"
"176",195008,28,1450,195008,28,1450,NA,10028679,"KANSAS",20,1950,"August   ","Tornado","C",81,"HASKELL",NA,"28-AUG-50 14:50:00","CST","28-AUG-50 14:50:00",0,0,0,0,"0K",0,NA,0,NA,NA,NA,"F1",7.2,33,NA,NA,NA,NA,0,NA,NA,0,NA,NA,37.47,-100.82,37.42,-100.7,NA,NA,"PUB"
"177",195005,8,2130,195005,8,2130,NA,10027587,"KANSAS",20,1950,"May      ","Tornado","C",157,"REPUBLIC",NA,"08-MAY-50 21:30:00","CST","08-MAY-50 21:30:00",0,0,0,0,"0K",0,NA,0,NA,NA,NA,"F1",0,33,NA,NA,NA,NA,0,NA,NA,0,NA,NA,39.72,-97.77,NA,NA,NA,NA,"PUB"
"178",195005,9,1,195005,9,1,NA,10027588,"KANSAS",20,1950,"May      ","Tornado","C",161,"RILEY",NA,"09-MAY-50 00:01:00","CST","09-MAY-50 00:01:00",0,0,0,0,"25K",0,NA,0,NA,NA,NA,"",0,33,NA,NA,NA,NA,0,NA,NA,0,NA,NA,39.2,-96.58,NA,NA,NA,NA,"PUB"
"179",195005,16,1800,195005,16,1800,NA,10027589,"KANSAS",20,1950,"May      ","Tornado","C",95,"KINGMAN",NA,"16-MAY-50 18:00:00","CST","16-MAY-50 18:00:00",0,0,0,0,"2.5K",0,NA,0,NA,NA,NA,"F2",0.2,200,NA,NA,NA,NA,0,NA,NA,0,NA,NA,37.55,-98.42,NA,NA,NA,NA,"PUB"
"180",195005,18,1900,195005,18,1900,NA,10027590,"KANSAS",20,1950,"May      ","Tornado","C",89,"JEWELL",NA,"18-MAY-50 19:00:00","CST","18-MAY-50 19:00:00",0,0,0,0,"2.5K",0,NA,0,NA,NA,NA,"F0",0,33,NA,NA,NA,NA,0,NA,NA,0,NA,NA,39.85,-98.3,NA,NA,NA,NA,"PUB"
"181",195005,18,1900,195005,18,1900,NA,10027591,"KANSAS",20,1950,"May      ","Tornado","C",17,"CHASE",NA,"18-MAY-50 19:00:00","CST","18-MAY-50 19:00:00",2,0,0,0,"250K",0,NA,0,NA,NA,NA,"F3",14.9,100,NA,NA,NA,NA,0,NA,NA,0,NA,NA,38.12,-96.82,38.33,-96.82,NA,NA,"PUB"
"182",195005,19,130,195005,19,130,NA,10027592,"KANSAS",20,1950,"May      ","Tornado","C",15,"BUTLER",NA,"19-MAY-50 01:30:00","CST","19-MAY-50 01:30:00",0,0,0,0,"2.5K",0,NA,0,NA,NA,NA,"F0",0.1,33,NA,NA,NA,NA,0,NA,NA,0,NA,NA,37.82,-96.85,NA,NA,NA,NA,"PUB"
"183",195005,23,1800,195005,23,1800,NA,10027593,"KANSAS",20,1950,"May      ","Tornado","C",147,"PHILLIPS",NA,"23-MAY-50 18:00:00","CST","23-MAY-50 18:00:00",0,0,0,0,"25K",0,NA,0,NA,NA,NA,"F0",0.2,250,NA,NA,NA,NA,0,NA,NA,0,NA,NA,39.75,-99.32,NA,NA,NA,NA,"PUB"
"184",195005,24,1330,195005,24,1330,NA,10027594,"KANSAS",20,1950,"May      ","Tornado","C",33,"COMANCHE",NA,"24-MAY-50 13:30:00","CST","24-MAY-50 13:30:00",1,0,0,0,"2.5K",0,NA,0,NA,NA,NA,"F2",3.6,77,NA,NA,NA,NA,0,NA,NA,0,NA,NA,37.27,-99.48,37.28,-99.42,NA,NA,"PUB"
"185",195005,24,1730,195005,24,1730,NA,10027595,"KANSAS",20,1950,"May      ","Tornado","C",161,"RILEY",NA,"24-MAY-50 17:30:00","CST","24-MAY-50 17:30:00",0,0,0,0,"25K",0,NA,0,NA,NA,NA,"F1",10.7,40,NA,NA,NA,NA,0,NA,NA,0,NA,NA,39.38,-96.97,39.45,-96.78,NA,NA,"PUB"
"186",195006,8,2010,195006,8,2010,NA,10027596,"KANSAS",20,1950,"June     ","Tornado","C",159,"RICE",NA,"08-JUN-50 20:10:00","CST","08-JUN-50 20:10:00",0,0,0,0,"250K",0,NA,0,NA,NA,NA,"F4",0,700,NA,NA,NA,NA,0,NA,NA,0,NA,NA,38.33,-97.93,38.33,-97.92,NA,NA,"PUB"
"187",195006,8,2015,195006,8,2015,NA,10027597,"KANSAS",20,1950,"June     ","Tornado","C",113,"MCPHERSON",NA,"08-JUN-50 20:15:00","CST","08-JUN-50 20:15:00",5,0,1,0,"250K",0,NA,0,NA,NA,NA,"F4",17.1,700,NA,NA,NA,NA,0,NA,NA,0,NA,NA,38.33,-97.92,38.33,-97.6,NA,NA,"PUB"
"188",195003,27,600,195003,27,600,NA,10032637,"LOUISIANA",22,1950,"March    ","Tornado","C",35,"EAST CARROLL",NA,"27-MAR-50 06:00:00","CST","27-MAR-50 06:00:00",2,0,0,0,"25K",0,NA,0,NA,NA,NA,"F1",15.3,17,NA,NA,NA,NA,0,NA,NA,0,NA,NA,32.63,-91.28,32.73,-91.05,NA,NA,"PUB"
"189",195003,27,830,195003,27,830,NA,10032638,"LOUISIANA",22,1950,"March    ","Tornado","C",37,"EAST FELICIANA",NA,"27-MAR-50 08:30:00","CST","27-MAR-50 08:30:00",0,0,0,0,"25K",0,NA,0,NA,NA,NA,"F1",0.5,27,NA,NA,NA,NA,0,NA,NA,0,NA,NA,30.92,-91.13,NA,NA,NA,NA,"PUB"
"190",195004,24,745,195004,24,745,NA,10032639,"LOUISIANA",22,1950,"April    ","Tornado","C",5,"ASCENSION",NA,"24-APR-50 07:45:00","CST","24-APR-50 07:45:00",0,0,0,0,"25K",0,NA,0,NA,NA,NA,"F1",2,100,NA,NA,NA,NA,0,NA,NA,0,NA,NA,30.1,-90.03,NA,NA,NA,NA,"PUB"
"191",195005,1,100,195005,1,100,NA,10032640,"LOUISIANA",22,1950,"May      ","Tornado","C",69,"NATCHITOCHES",NA,"01-MAY-50 01:00:00","CST","01-MAY-50 01:00:00",0,0,0,0,"250K",0,NA,0,NA,NA,NA,"F1",2,100,NA,NA,NA,NA,0,NA,NA,0,NA,NA,31.7,-93.3,NA,NA,NA,NA,"PUB"
"192",195005,1,1030,195005,1,1030,NA,10032641,"LOUISIANA",22,1950,"May      ","Tornado","C",127,"WINN",NA,"01-MAY-50 10:30:00","CST","01-MAY-50 10:30:00",0,0,0,0,"250K",0,NA,0,NA,NA,NA,"F1",15.4,150,NA,NA,NA,NA,0,NA,NA,0,NA,NA,31.95,-92.63,32.05,-92.4,NA,NA,"PUB"
"193",195005,1,1125,195005,1,1125,NA,10032642,"LOUISIANA",22,1950,"May      ","Tornado","C",69,"NATCHITOCHES",NA,"01-MAY-50 11:25:00","CST","01-MAY-50 11:25:00",7,0,0,0,"250K",0,NA,0,NA,NA,NA,"F2",3.6,100,NA,NA,NA,NA,0,NA,NA,0,NA,NA,31.55,-92.9,31.57,-92.85,NA,NA,"PUB"
"194",195005,1,1130,195005,1,1130,NA,10032643,"LOUISIANA",22,1950,"May      ","Tornado","C",59,"LA SALLE",NA,"01-MAY-50 11:30:00","CST","01-MAY-50 11:30:00",0,0,0,0,"25K",0,NA,0,NA,NA,NA,"F0",1,100,NA,NA,NA,NA,0,NA,NA,0,NA,NA,31.75,-92.25,NA,NA,NA,NA,"PUB"
"195",195005,1,1130,195005,1,1130,NA,10032644,"LOUISIANA",22,1950,"May      ","Tornado","C",29,"CONCORDIA",NA,"01-MAY-50 11:30:00","CST","01-MAY-50 11:30:00",2,0,0,0,"25K",0,NA,0,NA,NA,NA,"F1",1,100,NA,NA,NA,NA,0,NA,NA,0,NA,NA,31.38,-91.73,NA,NA,NA,NA,"PUB"
"196",195005,2,200,195005,2,200,NA,10032645,"LOUISIANA",22,1950,"May      ","Tornado","C",43,"GRANT",NA,"02-MAY-50 02:00:00","CST","02-MAY-50 02:00:00",0,0,0,0,"250K",0,NA,0,NA,NA,NA,"F1",5.2,150,NA,NA,NA,NA,0,NA,NA,0,NA,NA,31.67,-92.9,31.72,-92.83,NA,NA,"PUB"
"197",195005,2,200,195005,2,200,NA,10032646,"LOUISIANA",22,1950,"May      ","Tornado","C",127,"WINN",NA,"02-MAY-50 02:00:00","CST","02-MAY-50 02:00:00",1,0,0,0,"250K",0,NA,0,NA,NA,NA,"F1",27.6,150,NA,NA,NA,NA,0,NA,NA,0,NA,NA,31.72,-92.83,32,-92.5,NA,NA,"PUB"
"198",195005,2,300,195005,2,300,NA,10032647,"LOUISIANA",22,1950,"May      ","Tornado","C",25,"CATAHOULA",NA,"02-MAY-50 03:00:00","CST","02-MAY-50 03:00:00",5,0,1,0,"250K",0,NA,0,NA,NA,NA,"F2",2,100,NA,NA,NA,NA,0,NA,NA,0,NA,NA,31.55,-91.97,NA,NA,NA,NA,"PUB"
"199",195005,13,1130,195005,13,1130,NA,10032648,"LOUISIANA",22,1950,"May      ","Tornado","C",9,"AVOYELLES",NA,"13-MAY-50 11:30:00","CST","13-MAY-50 11:30:00",0,0,0,0,"25K",0,NA,0,NA,NA,NA,"F1",2,27,NA,NA,NA,NA,0,NA,NA,0,NA,NA,31.15,-91.95,NA,NA,NA,NA,"PUB"
"200",195005,29,2300,195005,29,2300,NA,10032649,"LOUISIANA",22,1950,"May      ","Tornado","C",31,"DE SOTO",NA,"29-MAY-50 23:00:00","CST","29-MAY-50 23:00:00",13,0,0,0,"25K",0,NA,0,NA,NA,NA,"F1",1,27,NA,NA,NA,NA,0,NA,NA,0,NA,NA,32.1,-93.9,NA,NA,NA,NA,"PUB"
"201",195005,29,2300,195005,29,2300,NA,10032650,"LOUISIANA",22,1950,"May      ","Tornado","C",85,"SABINE",NA,"29-MAY-50 23:00:00","CST","29-MAY-50 23:00:00",0,0,0,0,"25K",0,NA,0,NA,NA,NA,"F1",1,27,NA,NA,NA,NA,0,NA,NA,0,NA,NA,31.67,-93.7,NA,NA,NA,NA,"PUB"
"202",195005,30,1400,195005,30,1400,NA,10001430,"GEORGIA",13,1950,"May      ","Tornado","C",313,"WHITFIELD",NA,"30-MAY-50 14:00:00","CST","30-MAY-50 14:00:00",0,0,0,0,"2.5K",0,NA,0,NA,NA,NA,"F1",0.5,7,NA,NA,NA,NA,0,NA,NA,0,NA,NA,34.75,-84.92,NA,NA,NA,NA,"PUB"
"203",195006,4,600,195006,4,600,NA,10001431,"GEORGIA",13,1950,"June     ","Tornado","C",45,"CARROLL",NA,"04-JUN-50 06:00:00","CST","04-JUN-50 06:00:00",0,0,0,0,"2.5K",0,NA,0,NA,NA,NA,"F0",2,200,NA,NA,NA,NA,0,NA,NA,0,NA,NA,33.68,-84.93,NA,NA,NA,NA,"PUB"
"204",195006,4,800,195006,4,800,NA,10001432,"GEORGIA",13,1950,"June     ","Tornado","C",89,"DE KALB",NA,"04-JUN-50 08:00:00","CST","04-JUN-50 08:00:00",1,0,0,0,"25K",0,NA,0,NA,NA,NA,"F1",3.3,7,NA,NA,NA,NA,0,NA,NA,0,NA,NA,33.85,-84.25,33.85,-84.2,NA,NA,"PUB"
"205",195006,7,1730,195006,7,1730,NA,10001433,"GEORGIA",13,1950,"June     ","Tornado","C",171,"LAMAR",NA,"07-JUN-50 17:30:00","CST","07-JUN-50 17:30:00",0,0,0,0,"2.5K",0,NA,0,NA,NA,NA,"F1",2,300,NA,NA,NA,NA,0,NA,NA,0,NA,NA,33.03,-84.15,NA,NA,NA,NA,"PUB"
"206",195002,13,100,195002,13,100,NA,10126026,"TENNESSEE",47,1950,"February ","Tornado","C",157,"SHELBY",NA,"13-FEB-50 01:00:00","CST","13-FEB-50 01:00:00",8,0,0,0,"2.5K",0,NA,0,NA,NA,NA,"F1",0.2,7,NA,NA,NA,NA,0,NA,NA,0,NA,NA,35.35,-89.77,NA,NA,NA,NA,"PUB"
"207",195002,13,200,195002,13,200,NA,10126027,"TENNESSEE",47,1950,"February ","Tornado","C",97,"LAUDERDALE",NA,"13-FEB-50 02:00:00","CST","13-FEB-50 02:00:00",1,0,9,0,"25K",0,NA,0,NA,NA,NA,"F2",0.2,7,NA,NA,NA,NA,0,NA,NA,0,NA,NA,35.75,-89.48,NA,NA,NA,NA,"PUB"
"208",195003,27,1500,195003,27,1500,NA,10126028,"TENNESSEE",47,1950,"March    ","Tornado","C",177,"WARREN",NA,"27-MAR-50 15:00:00","CST","27-MAR-50 15:00:00",0,0,0,0,"2.5K",0,NA,0,NA,NA,NA,"F1",0.2,7,NA,NA,NA,NA,0,NA,NA,0,NA,NA,35.68,-85.77,NA,NA,NA,NA,"PUB"
"209",195006,16,1530,195006,16,1530,NA,10028460,"KANSAS",20,1950,"June     ","Tornado","C",203,"WICHITA",NA,"16-JUN-50 15:30:00","CST","16-JUN-50 15:30:00",0,0,0,0,"25K",0,NA,0,NA,NA,NA,"F1",29.9,33,NA,NA,NA,NA,0,NA,NA,0,NA,NA,38.28,-101.28,38.7,-101.13,NA,NA,"PUB"
"210",195006,25,1845,195006,25,1845,NA,10028461,"KANSAS",20,1950,"June     ","Tornado","C",173,"SEDGWICK",NA,"25-JUN-50 18:45:00","CST","25-JUN-50 18:45:00",0,0,0,0,"2.5K",0,NA,0,NA,NA,NA,"F0",0.1,33,NA,NA,NA,NA,0,NA,NA,0,NA,NA,37.77,-97.47,NA,NA,NA,NA,"PUB"
"211",195006,25,2100,195006,25,2100,NA,10028462,"KANSAS",20,1950,"June     ","Tornado","C",65,"GRAHAM",NA,"25-JUN-50 21:00:00","CST","25-JUN-50 21:00:00",0,0,0,0,"2.5K",0,NA,0,NA,NA,NA,"F0",0.1,33,NA,NA,NA,NA,0,NA,NA,0,NA,NA,39.5,-99.62,NA,NA,NA,NA,"PUB"
"212",195007,1,1200,195007,1,1200,NA,10028463,"KANSAS",20,1950,"July     ","Tornado","C",161,"RILEY",NA,"01-JUL-50 12:00:00","CST","01-JUL-50 12:00:00",1,0,0,0,"25K",0,NA,0,NA,NA,NA,"F1",0,33,NA,NA,NA,NA,0,NA,NA,0,NA,NA,39.3,-96.92,NA,NA,NA,NA,"PUB"
"213",195007,1,1200,195007,1,1200,NA,10028464,"KANSAS",20,1950,"July     ","Tornado","C",41,"DICKINSON",NA,"01-JUL-50 12:00:00","CST","01-JUL-50 12:00:00",0,0,0,0,"25K",0,NA,0,NA,NA,NA,"F2",0,33,NA,NA,NA,NA,0,NA,NA,0,NA,NA,38.7,-97.08,NA,NA,NA,NA,"PUB"
"214",195001,3,1110,195001,3,1110,NA,10009710,"ILLINOIS",17,1950,"January  ","Tornado","C",119,"MADISON",NA,"03-JAN-50 11:10:00","CST","03-JAN-50 11:10:00",0,0,0,0,"250K",0,NA,0,NA,NA,NA,"F3",3.3,100,NA,NA,NA,NA,0,NA,NA,0,NA,NA,38.82,-90.1,38.83,-90.03,NA,NA,"PUB"
"215",195001,3,1155,195001,3,1155,NA,10009711,"ILLINOIS",17,1950,"January  ","Tornado","C",135,"MONTGOMERY",NA,"03-JAN-50 11:55:00","CST","03-JAN-50 11:55:00",3,0,0,0,"250K",0,NA,0,NA,NA,NA,"F3",3.6,130,NA,NA,NA,NA,0,NA,NA,0,NA,NA,39.1,-89.3,39.12,-89.23,NA,NA,"PUB"
"216",195001,25,2100,195001,25,2100,NA,10009712,"ILLINOIS",17,1950,"January  ","Tornado","C",91,"KANKAKEE",NA,"25-JAN-50 21:00:00","CST","25-JAN-50 21:00:00",0,0,0,0,"250K",0,NA,0,NA,NA,NA,"F2",0,100,NA,NA,NA,NA,0,NA,NA,0,NA,NA,41.17,-87.33,NA,NA,NA,NA,"PUB"
"217",195003,27,1630,195003,27,1630,NA,10009713,"ILLINOIS",17,1950,"March    ","Tornado","C",113,"MCLEAN",NA,"27-MAR-50 16:30:00","CST","27-MAR-50 16:30:00",0,0,0,0,"2.5K",0,NA,0,NA,NA,NA,"F2",3,50,NA,NA,NA,NA,0,NA,NA,0,NA,NA,40.57,-88.6,40.6,-88.55,NA,NA,"PUB"
"218",195006,25,1920,195006,25,1920,NA,10146801,"WISCONSIN",55,1950,"June     ","Tornado","C",107,"RUSK",NA,"25-JUN-50 19:20:00","CST","25-JUN-50 19:20:00",0,0,0,0,"25K",0,NA,0,NA,NA,NA,"",0.5,33,NA,NA,NA,NA,0,NA,NA,0,NA,NA,45.42,-91,NA,NA,NA,NA,"PUB"
"219",195006,25,2030,195006,25,2030,NA,10146802,"WISCONSIN",55,1950,"June     ","Tornado","C",99,"PRICE",NA,"25-JUN-50 20:30:00","CST","25-JUN-50 20:30:00",0,0,0,0,"250K",0,NA,0,NA,NA,NA,"F2",8.4,33,NA,NA,NA,NA,0,NA,NA,0,NA,NA,45.57,-90.3,45.57,-90.12,NA,NA,"PUB"
"220",195006,25,2100,195006,25,2100,NA,10146803,"WISCONSIN",55,1950,"June     ","Tornado","C",19,"CLARK",NA,"25-JUN-50 21:00:00","CST","25-JUN-50 21:00:00",0,0,1,0,"25K",0,NA,0,NA,NA,NA,"F2",5.1,17,NA,NA,NA,NA,0,NA,NA,0,NA,NA,44.83,-90.35,44.92,-90.32,NA,NA,"PUB"
"221",195006,25,2100,195006,25,2100,NA,10146804,"WISCONSIN",55,1950,"June     ","Tornado","C",85,"ONEIDA",NA,"25-JUN-50 21:00:00","CST","25-JUN-50 21:00:00",12,0,2,0,"250K",0,NA,0,NA,NA,NA,"F4",13.1,880,NA,NA,NA,NA,0,NA,NA,0,NA,NA,45.58,-89.58,45.67,-89.33,NA,NA,"PUB"
"222",195006,25,2110,195006,25,2110,NA,10146805,"WISCONSIN",55,1950,"June     ","Tornado","C",73,"MARATHON",NA,"25-JUN-50 21:10:00","CST","25-JUN-50 21:10:00",0,0,0,0,"25K",0,NA,0,NA,NA,NA,"F2",2.7,17,NA,NA,NA,NA,0,NA,NA,0,NA,NA,44.92,-90.32,44.97,-90.28,NA,NA,"PUB"
"223",195006,25,2330,195006,25,2330,NA,10146806,"WISCONSIN",55,1950,"June     ","Tornado","C",47,"GREEN LAKE",NA,"25-JUN-50 23:30:00","CST","25-JUN-50 23:30:00",0,0,0,0,"250K",0,NA,0,NA,NA,NA,"F3",0,300,NA,NA,NA,NA,0,NA,NA,0,NA,NA,43.95,-88.95,43.97,-88.93,NA,NA,"PUB"
